SAMPLED_DATE,RESULT_VALUE,COMPONENT_NAME
2023-12-23 00:30:00,0.0,EDC
2023-12-23 09:00:00,0.0,EDC
2023-12-23 16:30:00,0.05,EDC
2023-12-24 00:30:00,0.0,EDC
2023-12-24 09:00:00,0.0,EDC
2023-12-24 16:30:00,0.18,EDC
2023-12-25 00:30:00,0.0,EDC
2023-12-25 09:00:00,0.0,EDC
2023-12-25 16:30:00,0.0,EDC
2023-12-26 00:30:00,0.0,EDC
2023-12-26 09:00:00,0.0,EDC
2023-12-26 16:30:00,0.0,EDC
2023-12-27 00:30:00,0.19,EDC
2023-12-27 09:00:00,0.0,EDC
2023-12-27 16:30:00,0.35,EDC
2023-12-28 00:30:00,0.27,EDC
2023-12-28 09:00:00,0.0,EDC
2023-12-28 16:30:00,0.3,EDC
2023-12-29 00:30:00,0.21,EDC
2023-12-29 09:00:00,0.0,EDC
2023-12-29 16:30:00,0.0,EDC
2023-12-30 00:30:00,0.27,EDC
2023-12-30 09:00:00,0.31,EDC
2023-12-30 16:30:00,0.0,EDC
2023-12-31 00:30:00,0.0,EDC
2023-12-31 09:00:00,0.0,EDC
2023-12-31 16:30:00,0.31,EDC
2024-01-01 00:30:00,0.0,EDC
2024-01-01 09:00:00,0.0,EDC
2024-01-01 16:30:00,0.37,EDC
2024-01-02 01:21:08,0.0,EDC
2024-01-02 09:00:00,0.0,EDC
2024-01-02 16:30:00,0.25,EDC
2024-01-03 00:30:00,0.0,EDC
2024-01-03 09:00:00,0.0,EDC
2024-01-03 16:30:00,0.0,EDC
2024-01-04 00:30:00,0.0,EDC
2024-01-04 09:00:00,0.0,EDC
2024-01-04 16:30:00,0.0,EDC
2024-01-05 01:30:00,0.0,EDC
2024-01-05 09:00:00,0.0,EDC
2024-01-05 16:30:00,0.0,EDC
2024-01-06 00:30:00,0.18,EDC
2024-01-06 09:00:00,0.28,EDC
2024-01-06 16:30:00,0.0,EDC
2024-01-07 00:30:00,0.13,EDC
2024-01-07 09:00:00,0.0,EDC
2024-01-07 16:30:00,0.0,EDC
2024-01-08 00:30:00,0.04,EDC
2024-01-08 09:00:00,0.0,EDC
2024-01-08 16:30:00,0.0,EDC
2024-01-09 00:30:00,0.0,EDC
2024-01-09 09:00:00,0.0,EDC
2024-01-09 16:30:00,0.04,EDC
2024-01-10 00:30:00,0.0,EDC
2024-01-10 09:00:00,0.0,EDC
2024-01-10 16:30:00,0.02,EDC
2024-01-11 00:30:00,0.0,EDC
2024-01-11 09:00:00,0.0,EDC
2024-01-11 16:30:00,0.01,EDC
2024-01-12 00:30:00,0.0,EDC
2024-01-12 09:00:00,0.0,EDC
2024-01-12 16:30:00,0.0,EDC
2024-01-13 00:30:00,0.0,EDC
2024-01-13 09:00:00,0.0,EDC
2024-01-13 16:30:00,0.0,EDC
2024-01-14 00:30:00,0.0,EDC
2024-01-14 09:00:00,0.0,EDC
2024-01-14 16:30:00,0.0,EDC
2024-01-15 00:30:00,0.01,EDC
2024-01-15 09:00:00,0.0,EDC
2024-01-15 16:30:00,0.0,EDC
2024-01-16 00:30:00,0.01,EDC
2024-01-16 09:00:00,0.0,EDC
2024-01-16 16:30:00,0.0,EDC
2024-01-17 00:30:00,0.0,EDC
2024-01-17 09:00:00,0.0,EDC
2024-01-17 16:30:00,0.02,EDC
2024-01-18 00:30:00,0.0,EDC
2024-01-18 09:00:00,0.0,EDC
2024-01-18 16:30:00,0.0,EDC
2024-01-19 00:30:00,0.0,EDC
2024-01-19 09:00:00,0.0,EDC
2024-01-19 16:30:00,0.01,EDC
2024-01-20 00:30:00,0.0,EDC
2024-01-20 09:00:00,0.0,EDC
2024-01-20 16:30:00,0.02,EDC
2024-01-21 00:30:00,0.0,EDC
2024-01-21 09:00:00,0.01,EDC
2024-01-21 16:30:00,0.0,EDC
2024-01-22 00:30:00,0.0,EDC
2024-01-22 09:00:00,0.01,EDC
2024-01-22 16:30:00,0.0,EDC
2024-01-23 00:30:00,0.0,EDC
2024-01-23 09:00:00,0.0,EDC
2024-01-23 16:30:00,0.0,EDC
2024-01-24 00:30:00,0.0,EDC
2024-01-24 09:00:00,0.0,EDC
2024-01-24 16:30:00,0.0,EDC
2024-01-25 00:30:00,0.0,EDC
2024-01-25 09:00:00,0.0,EDC
2024-01-25 16:30:00,0.0,EDC
2024-01-26 00:30:00,0.0,EDC
2024-01-26 09:00:00,0.0,EDC
2024-01-26 16:30:00,0.0,EDC
2024-01-27 00:30:00,0.0,EDC
2024-01-27 09:00:00,0.0,EDC
2024-01-27 16:30:00,0.01,EDC
2024-01-28 00:30:00,0.0,EDC
2024-01-28 09:00:00,0.0,EDC
2024-01-28 16:30:00,0.01,EDC
2024-01-29 00:30:00,0.0,EDC
2024-01-29 09:00:00,0.0,EDC
2024-01-29 16:30:00,0.11,EDC
2024-01-30 09:00:00,0.0,EDC
2024-01-30 16:30:00,0.0,EDC
2024-01-31 00:30:00,0.0,EDC
2024-01-31 09:00:00,0.0,EDC
2024-01-31 16:30:00,0.0,EDC
2024-02-01 00:30:00,0.0,EDC
2024-02-01 09:00:00,0.0,EDC
2024-02-01 16:30:00,0.0,EDC
2024-02-02 00:30:00,0.0,EDC
2024-02-02 09:00:00,0.0,EDC
2024-02-02 16:30:00,0.0,EDC
2024-02-03 00:30:00,0.0,EDC
2024-02-03 09:00:00,0.0,EDC
2024-02-03 16:30:00,0.0,EDC
2024-02-04 00:30:00,0.0,EDC
2024-02-04 09:00:00,0.0,EDC
2024-02-04 16:30:00,0.0,EDC
2024-02-05 00:30:00,0.0,EDC
2024-02-05 09:00:00,0.0,EDC
2024-02-05 16:30:00,0.1,EDC
2024-02-06 00:30:00,0.0,EDC
2024-02-06 09:00:00,0.0,EDC
2024-02-06 16:30:00,0.03,EDC
2024-02-07 00:30:00,0.0,EDC
2024-02-07 09:00:00,0.0,EDC
2024-02-07 16:30:00,0.3,EDC
2024-02-08 00:30:00,0.0,EDC
2024-02-08 09:00:00,0.03,EDC
2024-02-08 16:30:00,0.01,EDC
2024-02-09 00:30:00,0.0,EDC
2024-02-09 09:00:00,0.0,EDC
2024-02-09 16:30:00,0.0,EDC
2024-02-10 00:30:00,0.0,EDC
2024-02-10 09:00:00,0.0,EDC
2024-02-10 16:30:00,0.0,EDC
2024-02-11 00:30:00,0.12,EDC
2024-02-11 09:00:00,0.0,EDC
2024-02-11 16:30:00,0.0,EDC
2024-02-12 00:30:00,0.0,EDC
2024-02-12 09:00:00,0.0,EDC
2024-02-12 16:30:00,0.0,EDC
2024-02-13 00:30:00,0.07,EDC
2024-02-13 09:00:00,0.05,EDC
2024-02-13 16:30:00,0.0,EDC
2024-02-14 00:30:00,0.0,EDC
2024-02-14 09:00:00,0.0,EDC
2024-02-14 16:30:00,0.02,EDC
2024-02-15 00:30:00,0.0,EDC
2024-02-15 09:00:00,0.0,EDC
2024-02-15 16:30:00,0.01,EDC
2024-02-16 00:30:00,0.0,EDC
2024-02-16 09:00:00,0.0,EDC
2024-02-16 16:30:00,0.0,EDC
2024-02-17 00:30:00,0.0,EDC
2024-02-17 09:00:00,0.0,EDC
2024-02-17 16:30:00,0.0,EDC
2024-02-18 09:00:00,0.0,EDC
2024-02-18 16:30:00,0.0,EDC
2024-02-19 09:00:00,0.0,EDC
2024-02-19 16:30:00,0.0,EDC
2024-02-20 00:30:00,0.0,EDC
2024-02-20 09:00:00,0.0,EDC
2024-02-20 16:30:00,0.0,EDC
2024-02-21 00:30:00,0.0,EDC
2024-02-21 09:00:00,0.0,EDC
2024-02-21 16:30:00,0.0,EDC
2024-02-22 00:30:00,0.0,EDC
2024-02-22 09:00:00,0.0,EDC
2024-02-22 16:30:00,0.0,EDC
2024-02-23 00:30:00,0.0,EDC
2024-02-23 09:00:00,0.0,EDC
2024-02-23 16:30:00,0.0,EDC
2024-02-24 00:30:00,0.0,EDC
2024-02-24 09:00:00,0.0,EDC
2024-02-24 16:30:00,0.0,EDC
2024-02-25 00:30:00,0.0,EDC
2024-02-25 09:00:00,0.0,EDC
2024-02-25 16:30:00,0.02,EDC
2024-02-26 00:30:00,0.0,EDC
2024-02-26 09:00:00,0.0,EDC
2024-02-26 16:30:00,0.0,EDC
2024-02-27 00:30:00,0.0,EDC
2024-02-27 09:00:00,0.0,EDC
2024-02-27 16:30:00,0.0,EDC
2024-02-28 00:30:00,0.0,EDC
2024-02-28 09:00:00,0.0,EDC
2024-02-28 16:30:00,0.0,EDC
2024-02-29 00:30:00,0.01,EDC
2024-02-29 09:00:00,0.0,EDC
2024-02-29 16:30:00,0.3,EDC
2024-03-01 00:30:00,0.0,EDC
2024-03-01 09:00:00,0.0,EDC
2024-03-01 16:30:00,0.0,EDC
2024-03-02 00:30:00,0.34,EDC
2024-03-02 09:00:00,0.4,EDC
2024-03-02 16:30:00,0.0,EDC
2024-03-03 00:30:00,0.0,EDC
2024-03-03 09:00:00,0.0,EDC
2024-03-03 16:30:00,0.02,EDC
2024-03-04 00:30:00,0.0,EDC
2024-03-04 09:00:00,0.0,EDC
2024-03-04 16:30:00,0.01,EDC
2024-03-05 00:30:00,0.0,EDC
2024-03-05 09:00:00,0.0,EDC
2024-03-05 16:30:00,0.01,EDC
2024-03-06 00:30:00,0.0,EDC
2024-03-06 09:00:00,0.0,EDC
2024-03-06 16:30:00,0.0,EDC
2024-03-07 00:30:00,0.0,EDC
2024-03-07 09:00:00,0.0,EDC
2024-03-07 16:30:00,0.0,EDC
2024-03-08 00:30:00,0.0,EDC
2024-03-08 09:00:00,0.0,EDC
2024-03-08 16:30:00,0.0,EDC
2024-03-09 00:30:00,0.01,EDC
2024-03-09 09:00:00,0.0,EDC
2024-03-09 16:30:00,0.0,EDC
2024-03-10 00:30:00,0.0,EDC
2024-03-10 09:00:00,0.0,EDC
2024-03-10 16:30:00,0.0,EDC
2024-03-11 00:30:00,0.0,EDC
2024-03-11 09:00:00,0.0,EDC
2024-03-11 16:30:00,0.0,EDC
2024-03-12 00:30:00,0.0,EDC
2024-03-12 09:00:00,0.0,EDC
2024-03-12 16:30:00,0.01,EDC
2024-03-13 00:30:00,0.0,EDC
2024-03-13 09:00:00,0.0,EDC
2024-03-13 16:30:00,0.0,EDC
2024-03-14 09:00:00,0.0,EDC
2024-03-14 16:30:00,0.04,EDC
2024-03-15 00:30:00,0.0,EDC
2024-03-15 09:00:00,0.0,EDC
2024-03-15 16:30:00,0.0,EDC
2024-03-16 00:30:00,0.0,EDC
2024-03-16 09:00:00,0.0,EDC
2024-03-16 16:30:00,0.0,EDC
2024-03-17 00:30:00,0.0,EDC
2024-03-17 09:00:00,0.0,EDC
2024-03-17 16:30:00,0.0,EDC
2024-03-18 00:30:00,0.03,EDC
2024-03-18 09:00:00,0.03,EDC
2024-03-18 16:30:00,0.0,EDC
2024-03-19 00:30:00,0.03,EDC
2024-03-19 09:00:00,0.0,EDC
2024-03-19 16:30:00,0.0,EDC
2024-03-20 00:30:00,0.02,EDC
2024-03-20 09:00:00,0.0,EDC
2024-03-20 16:30:00,0.0,EDC
2024-03-21 00:30:00,0.0,EDC
2024-03-21 09:00:00,0.0,EDC
2024-03-21 16:30:00,0.39,EDC
2024-03-22 00:30:00,0.0,EDC
2024-03-22 09:00:00,0.0,EDC
2024-03-22 16:30:00,0.06,EDC
2024-03-23 00:30:00,0.0,EDC
2024-03-23 09:00:00,0.0,EDC
2024-03-23 16:30:00,0.02,EDC
2024-03-24 00:30:00,0.0,EDC
2024-03-24 09:00:00,0.0,EDC
2024-03-24 16:30:00,0.0,EDC
2024-03-25 00:30:00,0.0,EDC
2024-03-25 09:00:00,0.0,EDC
2024-03-25 16:30:00,0.0,EDC
2024-03-26 00:30:00,0.0,EDC
2024-03-26 09:00:00,0.0,EDC
2024-03-26 16:30:00,0.0,EDC
2024-03-27 00:30:00,0.01,EDC
2024-03-27 09:00:00,0.0,EDC
2024-03-27 16:30:00,0.0,EDC
2024-03-28 00:30:00,0.0,EDC
2024-03-28 09:00:00,0.0,EDC
2024-03-28 16:30:00,0.0,EDC
2024-03-29 00:30:00,0.0,EDC
2024-03-29 09:00:00,0.0,EDC
2024-03-29 16:30:00,0.0,EDC
2024-03-30 00:30:00,0.0,EDC
2024-03-30 09:00:00,0.0,EDC
2024-03-30 16:30:00,0.0,EDC
2024-03-31 00:30:00,0.0,EDC
2024-03-31 09:00:00,0.0,EDC
2024-03-31 16:30:00,0.0,EDC
2024-04-01 00:30:00,0.0,EDC
2024-04-01 09:00:00,0.0,EDC
2024-04-01 17:30:45,0.0,EDC
2024-04-02 00:30:00,0.0,EDC
2024-04-02 09:00:00,0.0,EDC
2024-04-02 16:30:00,0.0,EDC
2024-04-03 00:30:00,0.0,EDC
2024-04-03 09:00:00,0.0,EDC
2024-04-03 16:30:00,0.0,EDC
2024-04-04 00:30:00,0.0,EDC
2024-04-04 09:00:00,0.0,EDC
2024-04-04 16:30:00,0.0,EDC
2024-04-05 00:30:00,0.0,EDC
2024-04-05 09:00:00,0.0,EDC
2024-04-05 16:30:00,0.0,EDC
2024-04-06 00:30:00,0.0,EDC
2024-04-06 09:00:00,0.0,EDC
2024-04-06 16:30:00,0.0,EDC
2024-04-07 00:30:00,0.0,EDC
2024-04-07 09:00:00,0.0,EDC
2024-04-07 16:30:00,0.0,EDC
2024-04-08 00:30:00,0.0,EDC
2024-04-08 09:00:00,0.0,EDC
2024-04-08 16:30:00,0.02,EDC
2024-04-09 00:30:00,0.0,EDC
2024-04-09 09:00:00,0.0,EDC
2024-04-09 16:30:00,0.0,EDC
2024-04-10 00:30:00,0.0,EDC
2024-04-10 09:00:00,0.0,EDC
2024-04-10 16:30:00,0.0,EDC
2024-04-11 00:30:00,0.0,EDC
2024-04-11 09:00:00,0.0,EDC
2024-04-11 16:30:00,0.0,EDC
2024-04-12 00:30:00,0.0,EDC
2024-04-12 09:00:00,0.0,EDC
2024-04-12 16:30:00,0.0,EDC
2024-04-13 00:30:00,0.0,EDC
2024-04-13 09:00:00,0.0,EDC
2024-04-13 16:30:00,0.0,EDC
2024-04-14 00:30:00,0.0,EDC
2024-04-14 09:00:00,0.0,EDC
2024-04-14 16:30:00,0.0,EDC
2024-04-15 00:30:00,0.0,EDC
2024-04-15 09:00:00,0.0,EDC
2024-04-15 16:30:00,0.0,EDC
2024-04-16 00:30:00,0.0,EDC
2024-04-16 09:00:00,0.0,EDC
2024-04-16 16:30:00,0.0,EDC
2024-04-17 00:30:00,0.0,EDC
2024-04-17 09:00:00,0.0,EDC
2024-04-17 16:30:00,0.0,EDC
2024-04-18 00:30:00,0.0,EDC
2024-04-18 09:00:00,0.0,EDC
2024-04-18 16:30:00,0.0,EDC
2024-04-19 00:30:00,0.0,EDC
2024-04-19 09:00:00,0.0,EDC
2024-04-19 16:30:00,0.0,EDC
2024-04-20 00:30:00,0.0,EDC
2024-04-20 09:00:00,0.0,EDC
2024-04-20 16:30:00,0.0,EDC
2024-04-21 00:30:00,0.0,EDC
2024-04-21 09:00:00,0.0,EDC
2024-04-21 16:30:00,0.0,EDC
2024-04-22 00:30:00,0.0,EDC
2024-04-22 09:00:00,0.0,EDC
2024-04-22 16:30:00,0.0,EDC
2024-04-23 00:30:00,0.0,EDC
2024-04-23 09:00:00,0.0,EDC
2024-04-23 16:30:00,0.0,EDC
2024-04-24 00:30:00,0.0,EDC
2024-04-24 09:00:00,0.0,EDC
2024-04-24 16:30:00,0.0,EDC
2024-04-25 00:30:00,0.0,EDC
2024-04-25 09:00:00,0.0,EDC
2024-04-25 16:30:00,0.0,EDC
2024-04-26 00:30:00,0.0,EDC
2024-04-26 09:00:00,0.0,EDC
2024-04-26 16:30:00,0.0,EDC
2024-04-27 00:30:00,0.0,EDC
2024-04-27 09:00:00,0.0,EDC
2024-04-27 16:30:00,0.0,EDC
2024-04-28 00:30:00,0.0,EDC
2024-04-28 09:00:00,0.0,EDC
2024-04-28 16:30:00,0.0,EDC
2024-04-29 00:30:00,0.0,EDC
2024-04-29 09:00:00,0.0,EDC
2024-04-29 16:30:00,0.0,EDC
2024-04-30 00:30:00,0.0,EDC
2024-04-30 09:00:00,0.0,EDC
2024-04-30 16:30:00,0.0,EDC
2024-05-01 00:30:00,0.0,EDC
2024-05-01 09:00:00,0.0,EDC
2024-05-01 16:30:00,0.0,EDC
2024-05-02 00:30:00,0.0,EDC
2024-05-02 09:00:00,0.0,EDC
2024-05-02 16:30:00,0.0,EDC
2024-05-03 00:30:00,0.0,EDC
2024-05-03 09:00:00,0.0,EDC
2024-05-03 16:30:00,0.0,EDC
2024-05-04 00:30:00,0.0,EDC
2024-05-04 09:00:00,0.0,EDC
2024-05-04 16:30:00,0.0,EDC
2024-05-05 00:30:00,0.0,EDC
2024-05-05 09:00:00,0.0,EDC
2024-05-05 16:30:00,0.0,EDC
2024-05-06 00:30:00,0.0,EDC
2024-05-06 09:00:00,0.0,EDC
2024-05-06 16:30:00,0.0,EDC
2024-05-07 00:30:00,0.0,EDC
2024-05-07 09:00:00,0.0,EDC
2024-05-07 16:30:00,0.0,EDC
2024-05-08 00:30:00,0.0,EDC
2024-05-08 09:00:00,0.0,EDC
2024-05-08 16:30:00,0.0,EDC
2024-05-09 00:30:00,0.0,EDC
2024-05-09 09:00:00,0.0,EDC
2024-05-09 16:30:00,0.0,EDC
2024-05-10 00:30:00,0.0,EDC
2024-05-10 09:00:00,0.0,EDC
2024-05-10 16:30:00,0.0,EDC
2024-05-11 00:30:00,0.0,EDC
2024-05-11 08:30:00,0.0,EDC
2024-05-11 16:30:00,0.0,EDC
2024-05-12 00:30:00,0.0,EDC
2024-05-12 09:00:00,0.0,EDC
2024-05-12 16:30:00,0.0,EDC
2024-05-13 00:30:00,0.0,EDC
2024-05-13 09:00:00,0.0,EDC
2024-05-13 16:30:00,0.0,EDC
2024-05-14 00:30:00,0.0,EDC
2024-05-14 09:00:00,0.0,EDC
2024-05-14 16:30:00,0.0,EDC
2024-05-15 00:30:00,0.0,EDC
2024-05-15 09:00:00,0.0,EDC
2024-05-15 16:30:00,0.0,EDC
2024-05-16 00:30:00,0.0,EDC
2024-05-16 09:00:00,0.0,EDC
2024-05-16 16:30:00,0.0,EDC
2024-05-17 00:30:00,0.0,EDC
2024-05-17 09:00:00,0.0,EDC
2024-05-17 16:30:00,0.0,EDC
2024-05-18 00:30:00,0.0,EDC
2024-05-18 09:00:00,0.0,EDC
2024-05-18 16:30:00,0.0,EDC
2024-05-19 00:30:00,0.0,EDC
2024-05-19 09:00:00,0.0,EDC
2024-05-19 16:30:00,0.0,EDC
2024-05-20 09:00:00,0.0,EDC
2024-05-20 16:30:00,0.0,EDC
2024-05-21 09:00:00,0.0,EDC
2024-05-21 16:30:00,0.0,EDC
2024-05-22 09:00:00,0.0,EDC
2024-05-22 16:30:00,0.0,EDC
2024-05-23 00:30:00,0.0,EDC
2024-05-23 09:00:00,0.0,EDC
2024-05-23 16:30:00,0.0,EDC
2024-05-24 00:30:00,0.0,EDC
2024-05-24 09:00:00,0.0,EDC
2024-05-24 16:30:00,0.0,EDC
2024-05-25 00:30:00,0.0,EDC
2024-05-25 09:00:00,0.0,EDC
2024-05-25 16:30:00,0.0,EDC
2024-05-26 00:30:00,0.0,EDC
2024-05-26 09:00:00,0.0,EDC
2024-05-26 16:30:00,0.0,EDC
2024-05-27 00:30:00,0.0,EDC
2024-05-27 09:00:00,0.0,EDC
2024-05-27 16:30:00,0.2,EDC
2024-05-28 00:30:00,0.1,EDC
2024-05-28 09:00:00,0.1,EDC
2024-05-29 00:45:00,0.1,EDC
2024-05-29 05:25:00,0.0,EDC
2024-05-29 16:00:00,0.05,EDC
2024-05-30 00:05:00,0.05,EDC
2024-05-30 05:30:00,0.05,EDC
2024-05-30 16:10:00,0.0,EDC
2024-05-31 00:20:00,0.05,EDC
2024-05-31 05:30:00,0.07,EDC
2024-05-31 16:20:00,0.01,EDC
2024-06-01 00:15:00,0.0,EDC
2024-06-01 07:00:00,0.0,EDC
2024-06-01 16:38:00,0.01,EDC
2024-06-02 00:10:00,0.01,EDC
2024-06-02 05:40:00,0.01,EDC
2024-06-02 16:28:00,0.01,EDC
2024-06-03 00:10:00,0.0,EDC
2024-06-03 06:30:00,0.01,EDC
2024-06-03 16:45:00,0.9,EDC
2024-06-04 00:10:00,0.0,EDC
2024-06-04 06:50:00,0.9,EDC
2024-06-04 16:30:00,0.0,EDC
2024-06-05 00:10:00,0.2,EDC
2024-06-05 06:20:00,0.2,EDC
2024-06-05 16:10:00,0.0,EDC
2024-06-06 00:35:00,0.2,EDC
2024-06-06 06:20:00,0.2,EDC
2024-06-06 16:30:00,0.2,EDC
2024-06-07 00:39:00,0.2,EDC
2024-06-07 06:18:00,0.2,EDC
2024-06-07 16:15:00,0.2,EDC
2024-06-08 00:12:00,0.2,EDC
2024-06-08 05:58:00,0.3,EDC
2024-06-08 16:20:00,0.2,EDC
2024-06-09 00:15:00,0.1,EDC
2024-06-09 07:15:00,0.05,EDC
2024-06-09 16:10:00,0.05,EDC
2024-06-10 00:10:00,0.02,EDC
2024-06-10 06:30:00,0.01,EDC
2024-06-10 16:14:00,0.01,EDC
2024-06-11 00:10:00,0.01,EDC
2024-06-11 06:20:00,0.01,EDC
2024-06-11 16:25:00,0.01,EDC
2024-06-12 00:15:00,0.01,EDC
2024-06-12 05:30:00,0.01,EDC
2024-06-12 16:09:00,0.01,EDC
2024-06-13 00:10:00,0.01,EDC
2024-06-13 05:50:00,0.0,EDC
2024-06-13 16:30:00,0.0,EDC
2024-06-14 00:30:00,0.0,EDC
2024-06-14 05:40:00,0.0,EDC
2024-06-14 16:05:00,0.01,EDC
2024-06-15 00:10:00,0.01,EDC
2024-06-15 05:20:00,0.0,EDC
2024-06-15 16:30:00,0.01,EDC
2024-06-16 00:19:00,0.01,EDC
2024-06-16 06:26:00,0.01,EDC
2024-06-16 16:15:00,0.01,EDC
2024-06-17 00:29:00,0.01,EDC
2024-06-17 06:28:00,0.01,EDC
2024-06-17 16:15:00,0.01,EDC
2024-06-18 00:26:00,0.01,EDC
2024-06-18 06:55:00,0.01,EDC
2024-06-18 16:15:00,0.01,EDC
2024-06-19 00:10:00,0.01,EDC
2024-06-19 06:25:00,0.01,EDC
2024-06-19 16:15:00,0.01,EDC
2024-06-20 00:10:00,633.0,EDC
2024-06-20 06:20:00,0.9,EDC
2024-06-20 18:25:00,0.9,EDC
2024-06-21 00:30:00,0.2,EDC
2024-06-21 05:30:00,0.3,EDC
2024-06-21 16:20:00,0.15,EDC
2024-06-22 00:30:00,0.1,EDC
2024-06-22 06:00:00,0.1,EDC
2024-06-22 16:30:00,0.1,EDC
2024-06-23 00:20:00,0.5,EDC
2024-06-23 06:35:00,0.1,EDC
2024-06-23 16:30:00,0.1,EDC
2024-06-24 00:15:00,0.02,EDC
2024-06-24 06:00:00,0.02,EDC
2024-06-24 16:30:00,0.01,EDC
2024-06-25 00:10:00,0.01,EDC
2024-06-25 06:30:00,0.01,EDC
2024-06-26 00:15:00,0.2,EDC
2024-06-26 06:20:00,0.0,EDC
2024-06-26 16:40:00,0.01,EDC
2024-06-27 00:10:00,0.01,EDC
2024-06-27 06:20:00,0.01,EDC
2024-06-27 16:40:00,0.01,EDC
2024-06-28 00:30:00,0.0,EDC
2024-06-28 06:10:00,0.01,EDC
2024-06-28 16:30:00,0.01,EDC
2024-06-29 00:30:00,0.01,EDC
2024-06-29 06:20:00,0.01,EDC
2024-06-29 16:15:00,0.01,EDC
2024-06-30 00:30:00,0.01,EDC
2024-06-30 06:10:00,0.01,EDC
2024-06-30 16:05:00,0.01,EDC
2024-07-01 00:10:00,0.0,EDC
2024-07-01 06:10:00,0.0,EDC
2024-07-01 16:15:00,0.01,EDC
2024-07-02 00:15:00,0.01,EDC
2024-07-02 06:30:00,0.01,EDC
2024-07-02 15:50:00,0.01,EDC
2024-07-03 00:10:00,0.01,EDC
2024-07-03 06:30:00,0.01,EDC
2024-07-03 16:16:00,0.02,EDC
2024-07-04 00:10:00,0.01,EDC
2024-07-04 06:45:00,0.02,EDC
2024-07-04 16:18:00,0.01,EDC
2024-07-05 00:05:00,0.01,EDC
2024-07-05 06:20:00,0.01,EDC
2024-07-05 16:30:00,0.01,EDC
2024-07-06 00:15:00,0.01,EDC
2024-07-06 06:30:00,0.01,EDC
2024-07-06 16:15:00,0.01,EDC
2024-07-07 00:30:00,0.01,EDC
2024-07-07 07:00:00,0.01,EDC
2024-07-07 16:00:00,0.01,EDC
2024-07-08 00:10:00,0.01,EDC
2024-07-08 06:00:00,0.01,EDC
2024-07-08 16:30:00,0.01,EDC
2024-07-09 00:30:00,0.01,EDC
2024-07-09 06:15:00,0.01,EDC
2024-07-09 16:30:00,0.01,EDC
2024-07-10 00:25:00,0.01,EDC
2024-07-10 06:40:00,0.01,EDC
2024-07-10 16:30:00,0.01,EDC
2024-07-11 00:30:00,0.01,EDC
2024-07-11 06:50:00,0.2,EDC
2024-07-11 16:40:00,0.2,EDC
2024-07-12 00:25:00,0.1,EDC
2024-07-12 06:20:00,0.1,EDC
2024-07-12 16:30:00,0.1,EDC
2024-07-13 00:30:00,0.1,EDC
2024-07-13 06:30:00,0.1,EDC
2024-07-13 16:00:00,0.1,EDC
2024-07-14 00:30:00,0.1,EDC
2024-07-14 06:20:00,0.1,EDC
2024-07-14 16:30:00,0.1,EDC
2024-07-15 00:15:00,0.1,EDC
2024-07-15 06:15:00,0.1,EDC
2024-07-15 16:15:00,0.1,EDC
2024-07-16 00:30:00,0.1,EDC
2024-07-16 06:10:00,0.1,EDC
2024-07-16 16:30:00,0.1,EDC
2024-07-17 00:30:00,0.1,EDC
2024-07-17 06:20:00,0.1,EDC
2024-07-17 16:10:00,0.1,EDC
2024-07-18 00:30:00,0.1,EDC
2024-07-18 06:20:00,0.1,EDC
2024-07-18 16:10:00,0.1,EDC
2024-07-19 00:10:00,0.1,EDC
2024-07-19 06:00:00,0.1,EDC
2024-07-19 16:30:00,0.01,EDC
2024-07-20 00:20:00,0.1,EDC
2024-07-20 06:00:00,0.1,EDC
2024-07-20 16:30:00,0.1,EDC
2024-07-21 00:10:00,0.1,EDC
2024-07-21 06:40:00,0.0,EDC
2024-07-21 16:30:00,0.0,EDC
2024-07-22 00:15:00,0.0,EDC
2024-07-22 06:30:00,0.0,EDC
2024-07-22 16:40:00,0.0,EDC
2024-07-23 00:05:00,0.0,EDC
2024-07-23 06:30:00,0.0,EDC
2024-07-23 16:20:00,0.0,EDC
2024-07-24 00:30:00,0.0,EDC
2024-07-24 06:10:00,0.0,EDC
2024-07-24 16:10:00,0.0,EDC
2024-07-25 00:30:00,0.0,EDC
2024-07-25 07:00:00,0.0,EDC
2024-07-25 16:30:00,0.0,EDC
2024-07-26 00:30:00,0.0,EDC
2024-07-26 07:00:00,0.01,EDC
2024-07-26 16:30:00,0.02,EDC
2024-07-27 00:15:00,0.13,EDC
2024-07-27 06:30:00,0.02,EDC
2024-07-27 16:50:00,0.01,EDC
2024-07-28 00:10:00,0.01,EDC
2024-07-28 06:15:00,0.01,EDC
2024-07-28 16:30:00,0.01,EDC
2024-07-29 00:10:00,0.01,EDC
2024-07-29 06:00:00,0.0,EDC
2024-07-29 16:30:00,0.0,EDC
2024-07-30 00:15:00,0.0,EDC
2024-07-30 06:00:00,0.0,EDC
2024-07-30 16:30:00,0.0,EDC
2024-07-31 00:30:00,0.0,EDC
2024-07-31 06:10:00,0.0,EDC
2024-07-31 16:10:00,0.0,EDC
2024-08-01 00:15:00,0.0,EDC
2024-08-01 06:10:00,0.0,EDC
2024-08-01 16:50:00,0.0,EDC
2024-08-02 00:05:00,0.0,EDC
2024-08-02 06:40:00,0.0,EDC
2024-08-02 16:35:00,0.0,EDC
2024-08-03 00:30:00,0.0,EDC
2024-08-03 06:30:00,0.0,EDC
2024-08-03 16:30:00,0.0,EDC
2024-08-04 00:30:00,0.0,EDC
2024-08-04 06:50:00,0.0,EDC
2024-08-04 16:30:00,0.0,EDC
2024-08-05 00:30:00,0.0,EDC
2024-08-05 07:00:00,0.0,EDC
2024-08-05 16:20:00,0.0,EDC
2024-08-06 00:20:00,0.0,EDC
2024-08-06 06:30:00,0.0,EDC
2024-08-06 16:30:00,0.0,EDC
2024-08-07 00:10:00,0.0,EDC
2024-08-07 06:00:00,0.0,EDC
2024-08-07 16:30:00,0.0,EDC
2024-08-08 00:10:00,0.0,EDC
2024-08-08 06:10:00,0.0,EDC
2024-08-08 16:30:00,0.0,EDC
2024-08-09 00:20:00,0.1,EDC
2024-08-09 06:20:00,0.0,EDC
2024-08-09 16:10:00,0.01,EDC
2024-08-10 00:10:00,0.01,EDC
2024-08-10 06:40:00,0.0,EDC
2024-08-10 16:10:00,0.01,EDC
2024-08-11 00:20:00,0.01,EDC
2024-08-11 07:00:00,0.01,EDC
2024-08-11 16:10:00,0.01,EDC
2024-08-12 00:30:00,0.0,EDC
2024-08-12 07:00:00,0.01,EDC
2024-08-12 16:30:00,0.01,EDC
2024-08-13 00:30:00,0.01,EDC
2024-08-13 07:00:00,0.01,EDC
2024-08-13 16:30:00,0.02,EDC
2024-08-14 00:30:00,0.03,EDC
2024-08-14 06:40:00,0.01,EDC
2024-08-14 16:25:00,0.01,EDC
2024-08-15 00:20:00,0.0,EDC
2024-08-15 06:30:00,0.0,EDC
2024-08-15 16:30:00,0.0,EDC
2024-08-16 00:10:00,0.0,EDC
2024-08-16 06:40:00,0.01,EDC
2024-08-16 16:30:00,0.0,EDC
2024-08-17 00:45:00,0.01,EDC
2024-08-17 06:00:00,0.0,EDC
2024-08-17 16:30:00,0.0,EDC
2024-08-18 00:30:00,0.0,EDC
2024-08-18 06:30:00,0.0,EDC
2024-08-18 16:00:00,0.0,EDC
2024-08-19 00:10:00,0.01,EDC
2024-08-19 06:30:00,0.0,EDC
2024-08-19 16:10:00,0.0,EDC
2024-08-20 00:10:00,0.0,EDC
2024-08-20 06:20:00,0.0,EDC
2024-08-20 16:10:00,0.0,EDC
2024-08-21 00:30:00,0.0,EDC
2024-08-21 06:30:00,0.0,EDC
2024-08-21 16:10:00,0.01,EDC
2024-08-22 00:30:00,0.0,EDC
2024-08-22 06:40:00,0.0,EDC
2024-08-22 16:30:00,0.01,EDC
2024-08-23 00:30:00,0.04,EDC
2024-08-23 06:30:00,0.0,EDC
2024-08-23 16:50:00,0.03,EDC
2024-08-24 00:30:00,0.01,EDC
2024-08-24 06:00:00,0.0,EDC
2024-08-24 16:30:00,0.0,EDC
2024-08-25 00:10:00,0.0,EDC
2024-08-25 06:00:00,0.0,EDC
2024-08-25 16:30:00,0.03,EDC
2024-08-26 00:30:00,0.0,EDC
2024-08-26 07:00:00,0.06,EDC
2024-08-26 16:30:00,0.03,EDC
2024-08-27 00:10:00,0.02,EDC
2024-08-27 06:20:00,0.03,EDC
2024-08-27 16:45:00,0.65,EDC
2024-08-28 00:10:00,0.12,EDC
2024-08-28 06:30:00,0.95,EDC
2024-08-28 16:10:00,0.07,EDC
2024-08-29 00:30:00,0.05,EDC
2024-08-29 06:20:00,0.01,EDC
2024-08-29 16:10:00,0.08,EDC
2024-08-30 00:30:00,0.01,EDC
2024-08-30 06:30:00,0.03,EDC
2024-08-30 16:05:00,0.17,EDC
2024-08-31 00:30:00,0.02,EDC
2024-08-31 06:30:00,0.04,EDC
2024-08-31 16:10:00,0.15,EDC
2024-09-01 00:30:00,0.05,EDC
2024-09-01 06:40:00,0.02,EDC
2024-09-01 16:20:00,0.06,EDC
2024-09-02 00:30:00,0.06,EDC
2024-09-02 06:20:00,0.03,EDC
