time,LVCM2-FC503F,LVCM-TI-C503A-I.PV,LVCM2-FC503AS.PV,LVCM2-TC503T,LVCM2-TC503B,LVCM-PI-C503A-T.PV,LVCM-PI-C503A-B.PV,LVCM2-LC503,EDC
2022-08-27 00:30:00,12.3229132,No Data,2559.0,102.3762436,105.2655716,1391.9034424,1443.3574219,50.0,0.0
2022-08-27 09:00:00,11.9890795,No Data,2511.3330078,102.2559357,105.1031189,1349.2901611,1351.2355957,50.1985054,0.0
2022-08-27 16:30:00,10.1519413,No Data,2554.8371582,103.0,105.5,1484.3800049,1510.3011475,50.052639,0.0
2022-08-28 00:30:00,11.5044851,No Data,2494.5009766,103.2816772,105.8569946,1596.6801758,1657.0307617,50.0,0.0
2022-08-28 09:00:00,11.9860668,No Data,2550.3977051,102.8812943,105.4000015,1532.9827881,1541.6702881,49.9144974,0.0
2022-08-28 16:30:00,11.211916,No Data,2559.0085449,102.7721786,105.2116318,1361.8345947,1418.6000977,50.1633797,0.0
2022-08-29 09:00:00,12.2165327,No Data,2497.791748,102.5,105.1999969,1245.7988281,1319.3282471,50.0042839,0.0
2022-08-29 17:00:00,11.4095306,No Data,2620.3312988,102.7139816,105.0701141,1296.6837158,1339.6346436,50.0999985,0.0
2022-08-30 00:30:00,12.7625923,No Data,2611.1020508,102.8000031,105.3026505,1405.3890381,1411.248291,49.8965836,0.0
2022-08-30 09:00:00,12.4816465,No Data,2560.7353516,102.7128296,105.1504059,1366.2614746,1402.0980225,50.2729454,0.0
2022-08-30 16:30:00,9.865653,No Data,2372.3710938,99.6356049,102.9950333,466.8607788,514.9436035,50.0949097,0.0
2022-08-31 00:30:00,11.4629908,No Data,3119.0993652,101.4000015,103.9199448,916.6566162,967.3751831,50.1266022,0.0
2022-08-31 09:00:00,12.108964,No Data,3298.5881348,101.6538696,104.5395355,1052.2961426,1101.4169922,50.0535316,0.0
2022-08-31 16:30:00,11.2222004,No Data,2413.059082,102.4364166,104.9598541,1261.7106934,1315.2624512,49.9589691,0.0
2022-09-01 00:30:00,13.8069506,No Data,2569.8652344,102.1999969,104.9000015,1286.7468262,1318.5701904,50.0,0.0
2022-09-01 09:00:00,11.3964901,No Data,2452.0393066,102.6999969,105.3968582,1463.581543,1533.5872803,49.6810493,0.0
2022-09-01 16:30:00,10.7854128,No Data,2403.4936523,102.5,105.1749191,1476.8529053,1470.0727539,50.0,0.0
2022-09-02 00:30:00,12.5273762,No Data,2526.2629395,102.3000031,104.9832382,1391.0704346,1391.0999756,50.0,0.0
2022-09-02 09:00:00,12.7160091,No Data,2485.9921875,102.0,104.8774033,1294.4754639,1355.5490723,50.0,0.0
2022-09-02 16:30:00,11.7352324,No Data,2488.3269043,102.4000015,104.8482285,1397.4046631,1429.3983154,50.0,0.0
2022-09-03 00:30:00,11.7457275,No Data,2512.4018555,102.0863037,104.5273972,1243.9459229,1273.7387695,50.0,0.0
2022-09-03 09:00:00,12.5006313,No Data,2514.4765625,101.6562576,104.4748154,1128.8438721,1156.5296631,49.9849472,0.0
2022-09-03 17:00:00,12.4745731,No Data,2519.3586426,101.5999985,104.2195206,1157.7122803,1149.7037354,49.8552284,0.0
2022-09-04 00:30:00,11.6510372,No Data,2542.1992188,102.0,104.5304871,1211.904541,1262.7873535,50.0,0.0
2022-09-04 09:00:00,11.6642208,No Data,2531.6403809,102.309494,104.8421936,1374.4238281,1411.9969482,50.0,0.0
2022-09-04 17:00:00,11.5403585,No Data,2536.5715332,102.0,104.7631378,1241.6917725,1296.4648438,50.0504227,0.0
2022-09-05 00:30:00,11.2179527,No Data,2508.5075684,102.5,105.0,1409.7893066,1449.9162598,50.0327682,0.0
2022-09-05 09:00:00,11.6284552,No Data,2517.1030273,102.4000015,105.1999969,1381.2712402,1423.022583,49.9083824,0.0
2022-09-05 16:30:00,11.3050222,No Data,2534.7126465,102.4000015,105.1328888,1398.0324707,1462.9647217,50.1532097,0.0
2022-09-06 00:30:00,10.9384708,No Data,2526.5852051,101.9000015,104.3151016,1026.9528809,1093.4307861,50.0555267,0.0
2022-09-06 09:00:00,10.9518661,No Data,2531.0639648,102.2602234,104.7805786,1189.5771484,1237.3635254,49.91259,0.0
2022-09-06 16:30:00,11.0756617,No Data,2539.0,102.6999969,105.292511,1412.8735352,1441.7659912,50.2310219,0.0
2022-09-07 00:30:00,12.4285135,No Data,3693.4162598,101.0440674,103.77108,641.446228,692.5267334,51.0107689,0.0
2022-09-07 09:00:00,14.6178026,No Data,4506.5361328,102.4540405,105.6637802,1520.3731689,1554.3842773,50.8903008,0.0
2022-09-07 16:30:00,12.4715042,No Data,2599.564209,102.5546417,105.0714569,1276.0865479,1325.1988525,50.0051193,0.0
2022-09-08 00:30:00,10.4200001,No Data,2469.8864746,102.6999969,105.3036652,1375.7305908,1420.2961426,50.109848,0.0
2022-09-08 09:00:00,12.5300007,No Data,2637.4111328,102.8000031,105.2162552,1313.4841309,1382.385376,50.0,0.0
2022-09-08 16:30:00,11.5470161,No Data,2590.0,101.9659576,105.3893356,1455.7504883,1535.5384521,49.9473495,0.0
2022-09-09 00:30:00,12.3465347,No Data,2575.6369629,102.8255615,105.399086,1408.3349609,1478.2098389,50.0,0.0
2022-09-09 09:00:00,11.9867334,No Data,2547.6938477,102.6944275,105.3979492,1430.8892822,1439.4748535,50.0,0.0
2022-09-09 16:30:00,10.8400002,No Data,2577.4467773,102.5949402,105.3888474,1379.8414307,1433.8144531,49.805687,0.0
2022-09-10 00:30:00,10.7719564,No Data,2595.5439453,102.9000015,105.5,1531.6335449,1549.9677734,49.8359947,0.0
2022-09-10 09:00:00,12.1135626,No Data,2609.1826172,102.2260971,105.2534485,1376.8618164,1432.1531982,49.8349724,0.0
2022-09-10 16:30:00,11.0065098,No Data,2565.8483887,102.4000015,105.0036697,1328.873291,1378.5021973,50.0014381,0.0
2022-09-11 00:30:00,11.7920084,No Data,2578.7858887,102.5341263,105.2460709,1423.5936279,1487.9405518,50.0,0.0
2022-09-11 08:30:00,11.8025265,No Data,2551.6638184,102.4000015,105.2849274,1409.5231934,1439.3962402,49.6047401,0.0
2022-09-11 16:30:00,10.7397823,No Data,2592.5222168,102.4706573,105.1139221,1370.0859375,1379.4489746,49.9613876,0.0
2022-09-12 00:30:00,11.9766331,No Data,2554.7983398,102.5,104.9682159,1358.1816406,1422.0546875,50.0,0.0
2022-09-12 09:00:00,12.0030079,No Data,2554.9042969,102.1150513,104.710556,1266.5692139,1301.0570068,50.0,0.0
2022-09-12 16:30:00,9.9906988,No Data,2594.8955078,102.4584579,105.0,1353.3405762,1402.5039063,49.8579597,0.0
2022-09-13 00:30:00,9.9870892,No Data,3472.0,102.010231,104.5046387,1217.7728271,1251.6964111,50.0,0.0
2022-09-13 09:00:00,10.7449503,No Data,3599.1220703,102.1999969,105.0,1244.5458984,1289.3250732,50.0,0.0
2022-09-13 17:00:00,11.1179819,No Data,3544.0314941,101.8000031,104.5966415,1173.0915527,1207.9405518,50.0,0.0
2022-09-14 00:30:00,15.5035725,No Data,2809.3044434,101.9320908,104.6343536,1248.0827637,1303.6673584,50.2999992,0.0
2022-09-14 09:00:00,15.4842396,No Data,2785.0791016,102.1524353,104.7354507,1253.9593506,1285.4453125,49.2999992,0.0
2022-09-14 17:00:00,10.9389067,No Data,2801.9421387,103.1999969,105.847702,1670.3835449,1713.4088135,49.4050713,0.0
2022-09-15 00:30:00,14.8016987,No Data,2585.0227051,102.0999985,104.6130524,1259.1871338,1296.0115967,50.7854118,0.0
2022-09-15 09:00:00,14.7907915,No Data,2624.8261719,102.0999985,104.8107834,1278.701416,1303.3405762,50.4018555,0.0
2022-09-15 17:00:00,10.4464941,No Data,2589.1972656,103.0945358,105.5,1518.767334,1542.5222168,49.9177284,0.0
2022-09-16 00:30:00,12.1224747,No Data,2538.3017578,102.8000031,105.2870102,1433.2598877,1499.0661621,49.9971886,0.0
2022-09-16 09:00:00,12.5635281,No Data,2530.1008301,102.8000031,105.3706055,1476.7313232,1487.7194824,50.0,0.0
2022-09-16 16:30:00,10.2280703,No Data,2486.0500488,103.1533585,105.31353,1528.0429688,1547.753418,49.819088,0.0
2022-09-17 00:30:00,11.8315811,No Data,2452.7324219,102.5,104.9721298,1299.9770508,1365.2576904,49.8897629,0.0
2022-09-17 09:00:00,12.5553484,No Data,2454.0935059,102.4331436,104.8809662,1280.418457,1284.1040039,50.0101089,0.0
2022-09-17 17:00:00,10.0092192,No Data,2504.3952637,102.8131409,105.6999969,1599.9412842,1648.3118896,50.0273819,0.0
2022-09-18 00:30:00,12.0108252,No Data,2490.1096191,102.8506851,105.0507355,1353.2209473,1400.4411621,50.1157265,0.0
2022-09-18 09:00:00,12.5822496,No Data,2465.1433105,102.5045242,105.0918427,1336.4317627,1419.9603271,49.9829865,0.0
2022-09-18 16:30:00,11.4980555,No Data,2473.1176758,102.5407715,104.8021469,1247.395752,1304.4923096,49.9364548,0.0
2022-09-19 00:30:00,11.7146053,No Data,2499.3652344,102.8000031,105.3026581,1492.0356445,1515.4619141,50.0,0.0
2022-09-19 09:00:00,12.6873827,No Data,2447.6203613,102.3000031,105.0928116,1330.9537354,1375.7645264,49.8948326,0.0
2022-09-19 17:00:00,11.0100002,No Data,2488.2116699,102.6999969,105.3188019,1446.1202393,1505.0,50.0,0.0
2022-09-20 00:30:00,11.7124996,No Data,2486.4199219,102.8000031,105.5122681,1509.9216309,1548.5036621,50.1087151,0.0
2022-09-20 09:00:00,12.7346125,No Data,2490.4328613,102.5,105.1216049,1276.1113281,1339.0706787,49.7294884,0.0
2022-09-20 16:30:00,11.1648235,No Data,2471.0,102.6999969,105.2058182,1420.0535889,1473.0429688,50.0,0.0
2022-09-20 17:00:00,11.1876965,No Data,2483.5424805,102.7318649,105.2314987,1416.0128174,1451.3123779,50.3586807,0.0
2022-09-21 00:30:00,10.9476843,No Data,2380.6569824,103.1833038,105.4334564,1535.9025879,1563.859375,50.0,0.0
2022-09-21 09:00:00,12.7119541,No Data,2415.4494629,102.072258,105.1425171,1461.9356689,1487.7852783,49.7999992,0.0
2022-09-21 16:30:00,9.8061638,No Data,3073.1496582,101.5,103.9928741,906.4369507,959.4373169,50.4526138,0.0
2022-09-22 00:30:00,11.2949343,No Data,2503.5102539,103.0,105.6669922,1554.6466064,1558.4160156,50.0,0.0
2022-09-22 09:00:00,10.2406969,No Data,2490.0,103.1875153,105.6999969,1550.0324707,1575.3323975,49.4974937,0.0
2022-09-22 16:30:00,9.9891672,No Data,2519.2961426,103.0504761,105.5498581,1484.9758301,1533.9748535,49.9028206,0.0
2022-09-23 00:30:00,9.0003862,No Data,2995.7832031,101.6073608,104.0434189,1014.9084473,1075.161377,49.6446838,0.0
2022-09-23 09:00:00,14.5535755,No Data,2528.732666,102.1025009,104.6201324,1160.0560303,1186.4674072,50.2084503,0.0
2022-09-23 17:00:00,11.7239428,No Data,2589.8505859,102.5571594,105.2863617,1404.2890625,1455.46875,50.1367798,0.0
2022-09-24 00:30:00,12.4809914,No Data,2598.8044434,102.5,105.3649063,1416.1639404,1429.5200195,50.0,0.0
2022-09-24 09:00:00,12.3083658,No Data,2565.7231445,102.4000015,105.0,1355.5426025,1362.0610352,49.7827263,0.0
2022-09-24 16:30:00,11.7045889,No Data,2571.3764648,102.3608704,105.016304,1350.520874,1387.435791,50.1458168,0.0
2022-09-25 00:30:00,11.6938639,No Data,2586.7041016,102.755806,105.3717575,1526.8930664,1529.7720947,50.0,0.0
2022-09-25 09:00:00,12.6200895,No Data,2589.0061035,102.1999969,105.0223618,1319.0096436,1338.0831299,50.145031,0.0
2022-09-25 16:30:00,11.2017546,No Data,2559.4768066,102.1546555,104.8652802,1224.9697266,1274.5559082,50.3447418,0.0
2022-09-26 00:30:00,11.455411,No Data,2599.425293,102.5262527,105.2763901,1412.9803467,1427.3535156,50.0,0.0
2022-09-26 09:00:00,12.2167768,No Data,2584.6687012,102.0999985,104.9317017,1323.2304688,1331.8337402,49.7052841,0.0
2022-09-26 16:30:00,11.0170345,No Data,2665.9143066,102.5715866,105.2454987,1408.6358643,1473.9066162,49.6586342,0.0
2022-09-27 00:30:00,11.7567406,No Data,2635.979248,102.7494888,105.4000015,1529.3912354,1551.2408447,50.0,0.0
2022-09-27 09:00:00,12.7703304,No Data,2667.7993164,102.3572311,105.3910141,1466.793335,1507.6512451,49.802227,0.0
2022-09-27 16:30:00,11.0195913,No Data,2618.4680176,102.7156296,105.3396988,1417.7801514,1487.638916,49.8482285,0.0
2022-09-28 09:00:00,12.3003044,No Data,2633.519043,102.4343643,105.495369,1507.6143799,1552.6635742,50.0,0.0
2022-09-28 16:30:00,11.0166082,No Data,2630.4953613,102.9357834,105.3000031,1488.9697266,1535.2963867,50.0,0.0
2022-09-29 00:30:00,12.2106628,No Data,2591.0986328,102.5,105.2474365,1416.5227051,1420.4561768,50.2219887,0.0
2022-09-29 09:00:00,12.5607815,No Data,2618.4606934,101.9265594,105.1999969,1370.4432373,1391.4064941,49.8736229,0.0
2022-09-29 16:30:00,10.0005531,No Data,2600.1855469,102.7563782,105.5514221,1545.6031494,1593.4703369,50.3100929,0.0
2022-09-30 00:30:00,10.3768997,No Data,2457.6716309,103.0,105.810936,1603.9154053,1626.8114014,50.0036469,0.0
2022-09-30 09:00:00,13.0161982,No Data,2574.8918457,102.1999969,105.1999969,1302.230957,1339.4554443,50.0999985,0.0
2022-09-30 16:30:00,9.9075327,No Data,2539.6379395,103.0338669,105.8000031,1602.1184082,1681.9414063,49.8947258,0.0
2022-10-01 00:30:00,12.013895,No Data,2572.7338867,102.9000015,105.812973,1602.8884277,1635.1876221,50.0,0.0
2022-10-01 09:00:00,13.0576658,No Data,2529.3691406,102.3884659,105.3083572,1391.7408447,1412.1864014,49.8949089,0.0
2022-10-01 16:30:00,11.0269794,No Data,2550.8935547,102.6999969,105.5880127,1445.9328613,1489.4907227,49.9205093,0.0
2022-10-02 00:30:00,11.4206104,No Data,2536.9973145,102.9000015,105.9551849,1610.6384277,1646.9119873,50.3235817,0.0
2022-10-02 09:00:00,12.7969103,No Data,2560.6906738,102.4000015,105.3578491,1409.7005615,1419.7087402,49.9948425,0.0
2022-10-02 16:30:00,10.488925,No Data,2572.4414063,102.8609619,105.7516708,1515.9810791,1585.8085938,50.2890015,0.0
2022-10-03 00:30:00,11.9908676,No Data,2551.9599609,102.8488312,105.7836304,1608.8543701,1625.6933594,50.0,0.0
2022-10-03 09:00:00,12.0338163,No Data,2586.7478027,102.5999985,105.5003052,1469.1005859,1481.527832,50.0786057,0.0
2022-10-03 16:30:00,10.6125088,No Data,2549.0998535,102.9000015,105.7986832,1593.3580322,1644.8900146,50.1683083,0.0
2022-10-04 00:30:00,11.2412691,No Data,2550.8417969,103.1487198,106.0129623,1671.6243896,1724.2873535,50.1960907,0.0
2022-10-04 09:00:00,12.1800003,No Data,2532.9382324,102.5999985,105.6011276,1498.6021729,1500.4733887,50.0,0.0
2022-10-04 16:30:00,10.5223322,No Data,2544.4995117,102.6741104,105.724823,1495.9277344,1546.8270264,50.0299683,0.0
2022-10-05 00:30:00,11.4743633,No Data,2588.689209,103.0999985,105.9355621,1668.7122803,1683.3468018,49.9168968,0.0
2022-10-05 09:00:00,11.499114,No Data,2546.7749023,103.0,105.8507843,1586.8769531,1658.321167,50.0,0.0
2022-10-05 16:30:00,12.4499998,No Data,2538.701416,102.0999985,105.0,1218.9312744,1269.230957,49.5891266,0.0
2022-10-06 00:30:00,11.6677933,No Data,2559.1560059,102.8000031,105.5,1475.6630859,1497.3787842,50.1979179,0.0
2022-10-06 09:00:00,11.9861174,No Data,2522.6982422,102.6999969,105.5,1477.1619873,1509.4442139,50.0,0.0
2022-10-06 16:30:00,10.5799999,No Data,2544.3759766,102.5220337,105.337883,1408.3597412,1435.3731689,49.7911987,0.0
2022-10-07 00:30:00,12.0904808,No Data,2539.6496582,102.4255447,105.2302246,1301.1331787,1317.7578125,50.0,0.0
2022-10-07 11:19:22,,,,,,,,,0.0
2022-10-07 16:30:00,11.1248331,No Data,2535.3210449,102.3000031,105.1579437,1301.8753662,1325.3457031,50.0264244,0.0
2022-10-08 00:30:00,12.0628242,No Data,2532.3967285,102.3725433,105.0177994,1205.6569824,1246.2567139,50.0,0.0
2022-10-08 09:00:00,12.4251451,No Data,2573.104248,102.1999969,105.0999985,1229.0297852,1265.4870605,49.8735466,0.0
2022-10-08 16:30:00,11.7270737,No Data,2571.2619629,102.1999969,105.2454987,1371.2215576,1405.5253906,50.0,0.0
2022-10-09 00:30:00,11.9991207,No Data,2524.619873,102.5,105.4725647,1447.5443115,1456.230835,50.0,0.0
2022-10-09 09:00:00,12.1630268,No Data,2585.7680664,102.4000015,105.3950119,1370.0535889,1381.1352539,50.1034164,0.0
2022-10-09 16:30:00,10.7987328,No Data,2567.401123,102.5716934,105.5190659,1414.336792,1477.9786377,49.8300018,0.0
2022-10-10 00:30:00,11.7623978,No Data,2525.8496094,102.6886597,105.5078354,1457.4416504,1451.4700928,50.0,0.0
2022-10-10 09:00:00,11.4945536,No Data,2581.1687012,102.6614075,105.3664474,1385.4870605,1421.635376,50.2526894,0.0
2022-10-10 16:30:00,9.2909136,No Data,2524.1242676,102.813797,105.4524918,1474.022583,1512.479248,49.8578835,0.0
2022-10-11 00:30:00,13.4246597,No Data,2594.1052246,101.9000015,104.7015305,1125.0930176,1201.8040771,50.0,0.0
2022-10-11 09:00:00,12.5305023,No Data,2563.5524902,102.2928772,105.1992264,1324.0222168,1369.868042,50.0,0.0
2022-10-11 17:00:00,12.4925938,No Data,2563.0,102.3000031,105.1905289,1304.4891357,1316.9816895,50.3935699,0.0
2022-10-12 00:30:00,12.5369253,No Data,2558.6464844,102.0999985,104.998436,1274.5341797,1308.9272461,50.0,0.0
2022-10-12 09:00:00,13.3100004,No Data,2678.282959,101.9103928,104.8323975,1139.7502441,1205.2165527,50.0629349,0.0
2022-10-12 16:30:00,11.9960899,No Data,2686.0283203,102.1493454,105.0,1272.3310547,1323.451416,50.1895218,0.0
2022-10-13 00:30:00,12.3948936,No Data,2707.9475098,102.6816559,105.5309219,1514.2556152,1546.4482422,50.0,0.0
2022-10-13 09:00:00,13.5045033,No Data,2703.6621094,102.3805161,105.3639832,1372.3161621,1437.9986572,50.0,0.0
2022-10-13 16:30:00,11.9921703,No Data,2725.8974609,102.5999985,105.3005219,1396.5119629,1468.8465576,50.1448364,0.0
2022-10-14 00:30:00,12.0100002,No Data,2676.8552246,102.9507523,105.8000031,1623.6136475,1616.2990723,50.0,0.0
2022-10-14 09:00:00,12.9200945,No Data,2720.7412109,102.5,105.3549042,1425.1374512,1449.7518311,49.9024582,0.0
2022-10-14 16:30:00,11.7958517,No Data,2726.894043,102.7026138,105.6872864,1602.9342041,1627.5264893,50.1315689,0.0
2022-10-15 00:30:00,12.5078783,No Data,2681.689209,102.9000015,105.75177,1659.3709717,1708.4892578,50.0,0.0
2022-10-15 09:00:00,12.5560818,No Data,2737.0612793,102.8000031,105.6433487,1605.2298584,1652.644165,50.0,0.0
2022-10-15 16:30:00,12.4714947,No Data,2680.2966309,102.5924225,105.5687943,1532.1329346,1605.729248,49.90728,0.0
2022-10-16 00:30:00,12.04,No Data,2708.8950195,102.9000015,105.7781219,1681.2193604,1704.0994873,50.0,0.0
2022-10-16 09:00:00,12.5226383,No Data,2714.967041,102.6999969,105.6286621,1559.0911865,1598.4394531,49.9000015,0.0
2022-10-16 16:30:00,12.1765471,No Data,2676.9448242,102.6999969,105.5,1537.826416,1558.2722168,50.0,0.0
2022-10-17 00:30:00,11.9530392,No Data,2691.1730957,102.9199448,105.7573471,1628.0703125,1716.8416748,50.0,0.0
2022-10-17 09:00:00,12.0020361,No Data,2705.2648926,102.7782516,105.886528,1671.7247314,1739.5252686,49.7999992,0.0
2022-10-17 16:30:00,11.7863131,No Data,2690.3027344,103.0999985,105.9006882,1765.4609375,1785.9628906,50.0,0.0
2022-10-18 00:30:00,12.1826448,No Data,2732.3100586,103.0,105.8000031,1663.9006348,1687.9075928,50.0,0.0
2022-10-18 09:00:00,12.6586561,No Data,2665.0739746,102.6999969,105.4268188,1506.7906494,1489.0263672,50.0677071,0.0
2022-10-18 16:30:00,12.1760969,No Data,2685.8537598,102.5,105.2226181,1382.3514404,1420.7496338,50.0,0.0
2022-10-19 00:30:00,12.46,No Data,2718.1293945,102.6999969,105.4270325,1450.2890625,1473.1177979,50.0,0.0
2022-10-19 09:00:00,12.6668949,No Data,2657.8937988,102.6999969,105.4914703,1472.3077393,1498.5709229,50.0,0.0
2022-10-19 16:30:00,12.5921669,No Data,2729.2990723,102.4000015,105.2524185,1348.1304932,1413.3643799,49.7315826,0.0
2022-10-20 00:30:00,13.7669344,No Data,2729.3728027,102.5843353,105.3314514,1359.4056396,1393.3172607,50.1367836,0.0
2022-10-20 09:00:00,12.5273266,No Data,2806.4526367,102.9742813,105.875824,1620.1063232,1621.8354492,50.2759476,0.0
2022-10-20 16:30:00,6.4081798,No Data,2456.8720703,102.0,104.4485703,1019.5388184,1061.3286133,50.2398376,0.0
2022-10-21 00:30:00,13.0317116,No Data,2691.7929688,102.8950043,105.720253,1558.4980469,1600.767334,50.0,0.0
2022-10-21 09:00:00,9.8073006,No Data,2573.3898926,100.6153183,103.8210907,754.2605591,755.9390259,49.7102509,0.0
2022-10-21 16:30:00,13.9815331,No Data,2800.5495605,103.1780777,106.0718994,1647.4160156,1691.454834,50.2999992,0.0
2022-10-22 00:30:00,13.7752571,No Data,2819.7885742,103.4000015,106.3587341,1788.1491699,1815.4486084,50.1379509,0.0
2022-10-22 09:00:00,13.2410069,No Data,2829.109375,103.0194778,106.0,1549.8883057,1623.3591309,50.0,0.0
2022-10-22 16:30:00,12.9553299,No Data,2807.887207,103.2986145,106.1727905,1712.7131348,1721.9300537,50.0,0.0
2022-10-23 00:30:00,12.9780073,No Data,2768.5351563,103.3387756,106.2510147,1715.1580811,1762.8856201,50.0,0.0
2022-10-23 09:00:00,13.0019102,No Data,2782.932373,103.1100616,106.0999985,1614.4385986,1679.7893066,50.0,0.0
2022-10-23 16:30:00,12.0985165,No Data,2768.3666992,103.1382523,106.0029297,1638.1829834,1713.9404297,49.7999992,0.0
2022-10-24 00:30:00,12.7830315,No Data,2745.2058105,103.4000015,106.295105,1785.8056641,1805.8668213,49.9295006,0.0
2022-10-24 09:00:00,12.8699999,No Data,2740.0,103.1503372,106.2768555,1684.803833,1716.5577393,50.1632462,0.0
2022-10-24 16:30:00,14.9330463,No Data,2746.1020508,102.1999969,105.0999985,1294.8582764,1331.8631592,50.5,0.0
2022-10-25 00:30:00,15.5059681,No Data,2759.6774902,102.3000031,105.2654266,1302.9371338,1352.1168213,49.8150291,0.0
2022-10-25 09:00:00,15.5696917,No Data,2829.1030273,102.170639,105.1885376,1314.3254395,1353.7067871,50.0,0.0
2022-10-25 16:30:00,15.5190086,No Data,2823.418457,102.1880112,105.2942352,1336.7663574,1409.2541504,49.9551888,0.0
2022-10-26 00:30:00,15.5664968,No Data,2827.9001465,102.3386459,105.3421326,1423.6230469,1416.2507324,50.1549911,0.0
2022-10-26 09:00:00,15.3314562,No Data,2745.3178711,102.3730087,105.4050369,1418.1691895,1448.7819824,49.6675339,0.0
2022-10-26 16:30:00,14.8825817,No Data,2773.2072754,102.2415619,105.2211456,1317.2862549,1411.5395508,50.0993881,0.0
2022-10-27 00:30:00,14.0161343,No Data,2791.3364258,102.6999969,105.8368454,1524.0,1584.8061523,50.0,0.0
2022-10-27 09:00:00,14.9607935,No Data,2805.7844238,102.3000031,105.4001389,1399.7338867,1485.598999,50.4245758,0.0
2022-10-27 16:30:00,13.7330418,No Data,2774.7912598,102.4351807,105.8041687,1677.0738525,1730.2357178,50.01054,0.0
2022-10-28 00:30:00,14.5189342,No Data,2755.1657715,102.7443619,105.8703995,1651.6994629,1716.3410645,50.0,0.0
2022-10-28 09:00:00,14.4095201,No Data,2833.0,102.4758377,105.6999969,1546.9733887,1579.9246826,50.0,0.0
2022-10-28 16:30:00,13.569663,No Data,2803.7866211,102.5,105.4446487,1473.131958,1537.5776367,49.8844147,0.0
2022-10-29 00:30:00,14.0517216,No Data,2810.2353516,103.0737076,106.1248703,1794.1768799,1833.4696045,50.0,0.0
2022-10-29 09:00:00,13.9858541,No Data,2807.4104004,102.9754333,105.9000015,1687.2961426,1712.428833,50.0,0.0
2022-10-29 16:30:00,13.3349237,No Data,2776.5598145,102.5053558,105.6167908,1587.3144531,1644.0328369,49.7949104,0.0
2022-10-30 00:30:00,13.4808493,No Data,2753.9401855,102.9000015,105.9083176,1706.0627441,1778.682373,49.820076,0.0
2022-10-30 09:00:00,14.0021257,No Data,2758.4133301,102.6999969,105.9617767,1667.6884766,1705.4245605,49.7032356,0.0
2022-10-30 16:30:00,13.8418541,No Data,2792.7956543,102.7366409,105.682724,1603.3719482,1616.8786621,50.0,0.0
2022-10-31 00:30:00,14.3154478,No Data,2740.6186523,102.3313599,105.6226883,1540.9483643,1604.6049805,50.2986603,0.0
2022-10-31 09:00:00,14.4620409,No Data,2753.3833008,102.1603012,105.5,1477.0438232,1511.9302979,50.0,0.0
2022-10-31 16:30:00,14.9002295,No Data,2827.8032227,102.0,105.0,1294.8218994,1358.5733643,50.1579247,0.0
2022-11-01 00:30:00,14.5182524,No Data,2856.9194336,101.7658234,104.6615982,1245.8803711,1278.5002441,50.0,0.0
2022-11-01 09:00:00,13.9990902,No Data,2861.2106934,101.8433609,104.5335159,1188.8614502,1214.9696045,50.004982,0.0
2022-11-01 16:30:00,13.2460775,No Data,2811.2705078,102.4576111,105.1735001,1360.6607666,1410.0450439,50.2186508,0.0
2022-11-02 00:30:00,15.1130247,No Data,2894.659668,102.0180206,104.6720505,1324.6907959,1333.0931396,50.0828819,0.0
2022-11-02 09:00:00,15.4913521,No Data,2941.0,102.464035,105.4466095,1528.0310059,1564.0258789,50.3376427,0.0
2022-11-02 16:30:00,15.3891926,No Data,2888.579834,102.3000031,105.4610443,1487.5783691,1517.8345947,50.1776428,0.0
2022-11-03 00:30:00,15.6952286,No Data,2872.8254395,102.5,105.6954575,1524.5169678,1631.4332275,50.5083809,0.0
2022-11-03 09:00:00,15.9474773,No Data,2924.4487305,102.4136734,105.6241837,1496.0196533,1554.8013916,50.5474281,0.0
2022-11-03 16:30:00,12.0277929,No Data,2878.2998047,103.6226425,106.4564056,1845.4067383,1896.0883789,49.881485,0.0
2022-11-04 00:30:00,14.9276876,No Data,2917.3193359,102.3515015,105.6999969,1512.1711426,1546.2216797,50.2683868,0.0
2022-11-04 16:30:00,13.9946098,No Data,2903.6142578,103.081749,105.8894501,1666.6711426,1735.7110596,49.5999985,0.0
2022-11-05 00:30:00,15.9596796,No Data,2873.9624023,101.3000031,104.1802216,835.0218506,857.7072144,49.5270615,0.0
2022-11-05 09:00:00,15.7291946,No Data,3201.3188477,101.9288254,105.1402206,1295.2081299,1332.3660889,50.070179,0.0
2022-11-05 16:30:00,15.6690435,No Data,3175.9667969,102.6324234,105.6487198,1471.4726563,1532.0926514,49.9014778,0.0
2022-11-06 00:30:00,13.1302395,No Data,3182.9523926,102.3000031,104.8000031,1120.9520264,1155.151123,49.8105812,0.0
2022-11-06 09:00:00,15.6589842,No Data,3207.5043945,102.1549835,105.3832474,1338.213501,1391.2120361,49.9254684,0.0
2022-11-06 16:30:00,15.6770401,No Data,3221.635498,102.5207291,105.715538,1538.7670898,1620.6317139,48.6574478,0.0
2022-11-07 00:30:00,14.2262344,No Data,3204.2888184,102.196167,105.1593475,1282.4157715,1382.2894287,50.0,0.0
2022-11-07 09:00:00,15.4509974,No Data,3187.7871094,101.9339371,105.119072,1209.4387207,1277.5473633,50.3414268,0.0
2022-11-07 16:30:00,,,,,,,,,0.08
2022-11-08 00:30:00,,,,,,,,,0.0
2022-11-08 09:00:00,,,,,,,,,0.0
2022-11-08 16:30:00,,,,,,,,,0.0
2022-11-09 00:30:00,,,,,,,,,0.0
2022-11-09 09:00:00,,,,,,,,,0.0
2022-11-09 16:30:00,,,,,,,,,0.0
2022-11-10 00:30:00,,,,,,,,,0.0
2022-11-10 09:00:00,,,,,,,,,0.0
2022-11-10 16:30:00,,,,,,,,,0.0
2022-11-11 00:30:00,,,,,,,,,0.0
2022-11-11 09:00:00,,,,,,,,,0.0
2022-11-11 16:30:00,,,,,,,,,0.0
2022-11-12 00:30:00,,,,,,,,,0.0
2022-11-12 09:00:00,,,,,,,,,0.0
2022-11-12 16:30:00,,,,,,,,,0.0
2022-11-13 00:30:00,,,,,,,,,0.0
2022-11-13 09:00:00,,,,,,,,,0.0
2022-11-13 16:30:00,,,,,,,,,0.0
2022-11-14 00:30:00,,,,,,,,,0.0
2022-11-14 09:00:00,,,,,,,,,0.0
2022-11-14 16:30:00,,,,,,,,,0.0
2022-11-15 00:30:00,,,,,,,,,0.0
2022-11-15 09:00:00,,,,,,,,,0.0
2022-11-15 16:30:00,,,,,,,,,0.0
2022-11-16 00:30:00,,,,,,,,,0.0
2022-11-16 09:00:00,,,,,,,,,0.0
2022-11-16 16:30:00,,,,,,,,,0.0
2022-11-17 00:30:00,,,,,,,,,0.0
2022-11-17 09:00:00,,,,,,,,,0.0
2022-11-17 16:30:00,,,,,,,,,0.0
2022-11-18 00:30:00,,,,,,,,,0.0
2022-11-18 09:00:00,,,,,,,,,0.0
2022-11-18 16:30:00,,,,,,,,,0.0
2022-11-19 00:30:00,,,,,,,,,0.0
2022-11-19 09:00:00,,,,,,,,,0.0
2022-11-19 16:30:00,,,,,,,,,0.0
2022-11-20 00:30:00,,,,,,,,,0.0
2022-11-20 09:00:00,,,,,,,,,0.0
2022-11-20 16:30:00,,,,,,,,,0.0
2022-11-21 00:30:00,,,,,,,,,0.0
2022-11-21 09:00:00,,,,,,,,,0.0
2022-11-21 16:30:00,,,,,,,,,0.0
2022-11-22 09:00:00,,,,,,,,,0.0
2022-11-22 16:30:00,,,,,,,,,0.0
2022-11-23 09:00:00,,,,,,,,,0.0
2022-11-23 16:30:00,,,,,,,,,0.0
2022-11-24 09:00:00,,,,,,,,,0.0
2022-11-24 16:30:00,,,,,,,,,0.0
2022-11-25 00:30:00,,,,,,,,,0.0
2022-11-25 09:00:00,,,,,,,,,0.0
2022-11-25 16:30:00,,,,,,,,,0.0
2022-11-26 00:30:00,,,,,,,,,0.0
2022-11-26 09:00:00,,,,,,,,,0.0
2022-11-26 16:30:00,,,,,,,,,0.0
2022-11-27 00:30:00,,,,,,,,,0.0
2022-11-27 09:00:00,,,,,,,,,0.0
2022-11-27 16:30:00,,,,,,,,,0.0
2022-11-28 00:30:00,,,,,,,,,0.0
2022-11-28 09:00:00,,,,,,,,,0.0
2022-11-28 16:30:00,,,,,,,,,0.0
2022-11-29 00:30:00,,,,,,,,,0.0
2022-11-29 09:00:00,,,,,,,,,0.0
2022-11-29 16:30:00,,,,,,,,,0.0
2022-11-30 00:30:00,,,,,,,,,0.0
2022-11-30 09:00:00,,,,,,,,,0.0
2022-11-30 16:30:00,,,,,,,,,0.0
2022-12-01 09:00:00,,,,,,,,,0.1
2022-12-01 16:30:00,,,,,,,,,0.0
2022-12-02 09:00:00,,,,,,,,,0.0
2022-12-02 16:30:00,,,,,,,,,0.0
2022-12-03 09:00:00,,,,,,,,,0.05
2022-12-03 16:30:00,,,,,,,,,0.0
2022-12-04 00:30:00,,,,,,,,,0.0
2022-12-04 09:00:00,,,,,,,,,0.0
2022-12-04 16:30:00,,,,,,,,,0.0
2022-12-05 00:30:00,,,,,,,,,0.0
2022-12-05 09:00:00,,,,,,,,,0.0
2022-12-05 16:30:00,,,,,,,,,0.0
2022-12-06 00:30:00,,,,,,,,,0.0
2022-12-06 09:00:00,,,,,,,,,0.0
2022-12-06 16:30:00,,,,,,,,,0.0
2022-12-07 00:30:00,,,,,,,,,0.0
2022-12-07 09:00:00,,,,,,,,,0.0
2022-12-07 16:30:00,,,,,,,,,0.0
2022-12-08 00:30:00,,,,,,,,,0.0
2022-12-08 09:00:00,,,,,,,,,0.06
2022-12-08 16:30:00,,,,,,,,,0.0
2022-12-09 00:30:00,,,,,,,,,0.0
2022-12-09 09:00:00,,,,,,,,,0.0
2022-12-09 16:30:00,,,,,,,,,0.0
2022-12-10 09:00:00,,,,,,,,,0.08
2022-12-10 16:30:00,,,,,,,,,0.0
2022-12-11 09:00:00,,,,,,,,,0.05
2022-12-11 16:30:00,,,,,,,,,0.0
2022-12-12 09:00:00,,,,,,,,,0.0
2022-12-12 16:30:00,,,,,,,,,0.05
2022-12-13 00:30:00,,,,,,,,,0.0
2022-12-13 09:00:00,,,,,,,,,0.0
2022-12-13 16:30:00,,,,,,,,,0.0
2022-12-14 00:30:00,,,,,,,,,0.0
2022-12-14 09:00:00,,,,,,,,,0.0
2022-12-14 16:30:00,,,,,,,,,0.0
2022-12-15 00:30:00,,,,,,,,,0.0
2022-12-15 09:00:00,,,,,,,,,0.0
2022-12-15 16:30:00,,,,,,,,,0.0
2022-12-16 00:30:00,,,,,,,,,0.0
2022-12-16 09:00:00,,,,,,,,,0.06
2022-12-16 16:30:00,,,,,,,,,0.0
2022-12-17 09:00:00,,,,,,,,,0.06
2022-12-17 16:30:00,,,,,,,,,0.0
2022-12-18 00:30:00,,,,,,,,,0.0
2022-12-18 09:00:00,,,,,,,,,0.05
2022-12-18 16:30:00,,,,,,,,,0.0
2022-12-19 00:30:00,,,,,,,,,0.0
2022-12-19 09:00:00,,,,,,,,,0.06
2022-12-19 16:30:00,,,,,,,,,0.0
2022-12-20 09:00:00,,,,,,,,,0.0
2022-12-20 16:30:00,,,,,,,,,0.0
2022-12-21 09:00:00,,,,,,,,,0.0
2022-12-21 16:30:00,,,,,,,,,0.0
2022-12-22 00:30:00,,,,,,,,,0.0
2022-12-22 09:00:00,,,,,,,,,0.0
2022-12-22 16:30:00,,,,,,,,,0.0
2022-12-23 00:30:00,,,,,,,,,0.0
2022-12-23 09:00:00,,,,,,,,,0.0
2022-12-23 16:30:00,,,,,,,,,0.0
2022-12-24 00:30:00,,,,,,,,,0.0
2022-12-24 09:00:00,,,,,,,,,0.0
2022-12-24 16:30:00,,,,,,,,,0.0
2022-12-25 00:30:00,,,,,,,,,0.0
2022-12-25 09:00:00,,,,,,,,,0.0
2022-12-25 16:30:00,,,,,,,,,0.0
2022-12-26 00:30:00,,,,,,,,,0.0
2022-12-26 09:00:00,,,,,,,,,0.0
2022-12-26 16:30:00,,,,,,,,,0.0
2022-12-27 09:00:00,,,,,,,,,0.0
2022-12-27 16:30:00,,,,,,,,,0.18
2022-12-28 00:30:00,,,,,,,,,0.0
2022-12-28 09:00:00,,,,,,,,,0.0
2022-12-28 16:30:00,,,,,,,,,0.0
2022-12-29 00:30:00,,,,,,,,,0.0
2022-12-29 09:00:00,,,,,,,,,0.0
2022-12-29 16:30:00,,,,,,,,,0.0
2022-12-30 00:30:00,,,,,,,,,0.0
2022-12-30 09:00:00,,,,,,,,,0.0
2022-12-30 16:30:00,,,,,,,,,0.0
2022-12-31 09:00:00,,,,,,,,,0.0
2022-12-31 16:30:00,,,,,,,,,0.0
2023-01-01 09:00:00,,,,,,,,,0.0
2023-01-01 16:30:00,,,,,,,,,0.0
2023-01-02 09:00:00,,,,,,,,,0.0
2023-01-02 16:30:00,,,,,,,,,0.0
2023-01-03 00:30:00,,,,,,,,,0.0
2023-01-03 09:00:00,,,,,,,,,0.0
2023-01-03 16:30:00,,,,,,,,,0.0
2023-01-04 00:30:00,,,,,,,,,0.0
2023-01-04 09:00:00,,,,,,,,,0.0
2023-01-04 16:30:00,,,,,,,,,0.0
2023-01-05 00:30:00,,,,,,,,,0.0
2023-01-05 09:00:00,,,,,,,,,0.0
2023-01-05 16:30:00,,,,,,,,,0.0
2023-01-06 00:30:00,,,,,,,,,0.0
2023-01-06 09:00:00,,,,,,,,,0.0
2023-01-06 16:30:00,,,,,,,,,0.0
2023-01-07 00:30:00,,,,,,,,,0.0
2023-01-07 09:00:00,,,,,,,,,0.0
2023-01-07 16:30:00,,,,,,,,,0.0
2023-01-08 00:30:00,,,,,,,,,0.0
2023-01-08 09:00:00,,,,,,,,,0.0
2023-01-08 16:30:00,,,,,,,,,0.0
2023-01-09 00:30:00,,,,,,,,,0.0
2023-01-09 09:00:00,,,,,,,,,0.0
2023-01-09 16:30:00,,,,,,,,,0.0
2023-01-10 00:30:00,,,,,,,,,0.0
2023-01-10 09:00:00,,,,,,,,,0.04
2023-01-10 16:30:00,,,,,,,,,0.0
2023-01-11 00:30:00,,,,,,,,,0.0
2023-01-11 08:30:00,,,,,,,,,0.0
2023-01-11 16:30:00,,,,,,,,,0.0
2023-01-12 09:00:00,,,,,,,,,0.0
2023-01-12 16:30:00,,,,,,,,,0.0
2023-01-13 09:00:00,,,,,,,,,0.0
2023-01-13 16:30:00,,,,,,,,,0.0
2023-01-14 09:00:00,,,,,,,,,0.0
2023-01-14 16:30:00,,,,,,,,,0.0
2023-01-15 00:30:00,,,,,,,,,0.0
2023-01-15 09:00:00,,,,,,,,,0.0
2023-01-15 16:30:00,,,,,,,,,0.0
2023-01-16 00:30:00,,,,,,,,,0.0
2023-01-16 09:00:00,,,,,,,,,0.0
2023-01-16 16:30:00,,,,,,,,,0.0
2023-01-17 00:30:00,,,,,,,,,0.0
2023-01-17 09:00:00,,,,,,,,,0.0
2023-01-17 16:30:00,,,,,,,,,0.0
2023-01-18 00:30:00,,,,,,,,,0.0
2023-01-18 09:00:00,,,,,,,,,0.0
2023-01-18 16:30:00,,,,,,,,,0.0
2023-01-19 00:30:00,,,,,,,,,0.0
2023-01-19 09:00:00,,,,,,,,,0.0
2023-01-19 16:30:00,,,,,,,,,0.0
2023-01-20 00:30:00,,,,,,,,,0.0
2023-01-20 09:00:00,,,,,,,,,0.0
2023-01-20 16:30:00,,,,,,,,,0.0
2023-01-21 00:30:00,,,,,,,,,0.0
2023-01-21 16:30:00,,,,,,,,,0.0
2023-01-26 09:00:00,,,,,,,,,0.0
2023-01-27 09:00:00,,,,,,,,,0.0
2023-01-27 16:30:00,,,,,,,,,0.0
2023-01-28 00:30:00,,,,,,,,,0.0
2023-01-28 09:00:00,,,,,,,,,0.0
2023-01-28 16:30:00,,,,,,,,,0.0
2023-01-29 00:30:00,,,,,,,,,0.0
2023-01-29 09:00:00,,,,,,,,,0.0
2023-01-29 16:30:00,,,,,,,,,0.0
2023-01-30 00:30:00,,,,,,,,,0.0
2023-01-30 09:00:00,,,,,,,,,0.0
2023-01-30 16:30:00,,,,,,,,,0.0
2023-01-31 00:30:00,,,,,,,,,0.0
2023-01-31 09:00:00,,,,,,,,,0.0
2023-01-31 16:30:00,,,,,,,,,0.0
2023-02-01 09:00:00,,,,,,,,,0.0
2023-02-01 16:30:00,,,,,,,,,0.0
2023-02-02 00:30:00,,,,,,,,,0.0
2023-02-02 09:00:00,,,,,,,,,0.0
2023-02-02 16:30:00,,,,,,,,,0.0
2023-02-03 00:30:00,,,,,,,,,0.0
2023-02-03 09:00:00,,,,,,,,,0.0
2023-02-03 16:30:00,,,,,,,,,0.0
2023-02-04 00:30:00,,,,,,,,,0.0
2023-02-04 09:00:00,,,,,,,,,0.0
2023-02-04 16:30:00,,,,,,,,,0.0
2023-02-05 09:00:00,,,,,,,,,0.0
2023-02-05 16:30:00,,,,,,,,,0.0
2023-02-06 09:00:00,,,,,,,,,0.0
2023-02-06 16:30:00,,,,,,,,,0.0
2023-02-07 09:00:00,,,,,,,,,0.0
2023-02-07 16:30:00,,,,,,,,,0.0
2023-02-08 00:30:00,,,,,,,,,0.0
2023-02-08 09:00:00,,,,,,,,,0.0
2023-02-08 16:30:00,,,,,,,,,0.0
2023-02-09 00:30:00,,,,,,,,,0.0
2023-02-09 09:00:00,,,,,,,,,0.0
2023-02-09 16:30:00,,,,,,,,,0.0
2023-02-10 00:30:00,,,,,,,,,0.0
2023-02-10 09:00:00,,,,,,,,,0.0
2023-02-10 16:30:00,,,,,,,,,0.0
2023-02-11 00:30:00,,,,,,,,,0.0
2023-02-11 09:00:00,,,,,,,,,0.0
2023-02-11 16:30:00,,,,,,,,,0.0
2023-02-12 00:30:00,,,,,,,,,0.0
2023-02-12 09:00:00,,,,,,,,,0.0
2023-02-12 16:30:00,,,,,,,,,0.0
2023-02-13 00:30:00,,,,,,,,,0.0
2023-02-13 09:00:00,,,,,,,,,0.0
2023-02-13 16:30:00,,,,,,,,,0.0
2023-02-14 09:00:00,,,,,,,,,0.0
2023-02-14 16:30:00,,,,,,,,,0.0
2023-02-15 00:30:00,,,,,,,,,0.0
2023-02-15 09:00:00,,,,,,,,,0.0
2023-02-15 16:30:00,,,,,,,,,0.0
2023-02-16 00:30:00,,,,,,,,,0.0
2023-02-16 09:00:00,,,,,,,,,0.0
2023-02-16 16:30:00,,,,,,,,,0.0
2023-02-17 09:00:00,,,,,,,,,0.0
2023-02-17 16:30:00,,,,,,,,,0.0
2023-02-18 09:00:00,,,,,,,,,0.0
2023-02-18 16:30:00,,,,,,,,,0.0
2023-02-19 09:00:00,,,,,,,,,0.0
2023-02-19 16:30:00,,,,,,,,,0.0
2023-02-20 00:30:00,,,,,,,,,0.0
2023-02-20 09:00:00,,,,,,,,,0.0
2023-02-20 16:30:00,,,,,,,,,0.0
2023-02-21 00:30:00,,,,,,,,,0.0
2023-02-21 09:00:00,,,,,,,,,0.0
2023-02-21 16:30:00,,,,,,,,,0.0
2023-02-22 00:30:00,,,,,,,,,0.0
2023-02-22 09:00:00,,,,,,,,,0.0
2023-02-22 16:30:00,,,,,,,,,0.0
2023-02-23 00:30:00,,,,,,,,,0.0
2023-02-23 09:00:00,,,,,,,,,0.0
2023-02-23 16:30:00,,,,,,,,,0.0
2023-02-24 00:30:00,,,,,,,,,0.0
2023-02-24 09:00:00,,,,,,,,,0.0
2023-02-24 16:30:00,,,,,,,,,0.0
2023-02-25 00:30:00,,,,,,,,,0.0
2023-02-25 09:00:00,,,,,,,,,0.0
2023-02-25 16:30:00,,,,,,,,,0.0
2023-02-26 00:30:00,,,,,,,,,0.0
2023-02-26 09:00:00,,,,,,,,,0.0
2023-02-26 16:30:00,,,,,,,,,0.0
2023-02-27 01:00:00,,,,,,,,,0.0
2023-02-27 09:00:00,,,,,,,,,0.0
2023-02-27 16:30:00,,,,,,,,,0.0
2023-02-28 00:30:00,,,,,,,,,0.0
2023-02-28 09:00:00,,,,,,,,,0.0
2023-02-28 16:30:00,,,,,,,,,0.0
2023-03-01 09:00:00,,,,,,,,,0.0
2023-03-01 16:30:00,,,,,,,,,0.0
2023-03-02 09:00:00,,,,,,,,,0.0
2023-03-02 16:30:00,,,,,,,,,0.0
2023-03-03 09:00:00,,,,,,,,,0.0
2023-03-03 16:30:00,,,,,,,,,0.0
2023-03-04 00:30:00,,,,,,,,,0.0
2023-03-04 09:00:00,,,,,,,,,0.0
2023-03-04 16:30:00,,,,,,,,,0.0
2023-03-05 00:30:00,,,,,,,,,0.0
2023-03-05 09:00:00,,,,,,,,,0.0
2023-03-05 16:30:00,,,,,,,,,0.0
2023-03-06 00:30:00,,,,,,,,,0.0
2023-03-06 09:00:00,,,,,,,,,0.0
2023-03-06 16:30:00,,,,,,,,,0.0
2023-03-07 00:30:00,,,,,,,,,0.0
2023-03-07 09:00:00,,,,,,,,,0.0
2023-03-07 16:30:00,,,,,,,,,0.0
2023-03-08 00:30:00,,,,,,,,,0.0
2023-03-08 09:00:00,,,,,,,,,0.0
2023-03-08 16:30:00,,,,,,,,,0.0
2023-03-09 00:30:00,,,,,,,,,0.0
2023-03-09 09:00:00,,,,,,,,,0.0
2023-03-09 16:30:00,,,,,,,,,0.0
2023-03-10 00:30:00,,,,,,,,,0.0
2023-03-10 09:00:00,,,,,,,,,0.0
2023-03-10 16:30:00,,,,,,,,,0.0
2023-03-11 00:30:00,,,,,,,,,0.0
2023-03-11 09:00:00,,,,,,,,,0.0
2023-03-11 16:30:00,,,,,,,,,0.0
2023-03-12 00:30:00,,,,,,,,,0.0
2023-03-12 09:00:00,,,,,,,,,0.0
2023-03-12 16:30:00,,,,,,,,,0.0
2023-03-13 09:00:00,,,,,,,,,0.0
2023-03-13 16:30:00,,,,,,,,,0.0
2023-03-14 09:00:00,,,,,,,,,0.0
2023-03-14 16:30:00,,,,,,,,,0.0
2023-03-15 00:30:00,,,,,,,,,0.0
2023-03-15 09:00:00,,,,,,,,,0.0
2023-03-15 16:30:00,,,,,,,,,0.0
2023-03-16 00:30:00,,,,,,,,,0.0
2023-03-16 09:00:00,,,,,,,,,0.0
2023-03-16 16:30:00,,,,,,,,,0.0
2023-03-17 00:30:00,,,,,,,,,0.0
2023-03-17 09:00:00,,,,,,,,,0.0
2023-03-17 16:30:00,,,,,,,,,0.0
2023-03-18 00:30:00,,,,,,,,,0.0
2023-03-18 09:00:00,,,,,,,,,0.0
2023-03-18 16:30:00,,,,,,,,,0.0
2023-03-19 00:30:00,,,,,,,,,0.0
2023-03-19 09:00:00,,,,,,,,,0.0
2023-03-19 16:30:00,,,,,,,,,0.0
2023-03-20 00:30:00,,,,,,,,,0.0
2023-03-20 09:00:00,,,,,,,,,0.0
2023-03-20 16:30:00,,,,,,,,,0.0
2023-03-21 00:30:00,,,,,,,,,0.0
2023-03-21 09:00:00,,,,,,,,,0.0
2023-03-21 16:30:00,,,,,,,,,0.0
2023-03-22 00:30:00,,,,,,,,,0.0
2023-03-22 09:00:00,,,,,,,,,0.0
2023-03-22 16:30:00,,,,,,,,,0.0
2023-03-23 00:30:00,,,,,,,,,0.0
2023-03-23 09:00:00,,,,,,,,,0.0
2023-03-23 16:30:00,,,,,,,,,0.0
2023-03-24 00:30:00,,,,,,,,,0.0
2023-03-24 09:00:00,,,,,,,,,0.0
2023-03-24 16:30:00,,,,,,,,,0.0
2023-03-25 09:00:00,,,,,,,,,0.0
2023-03-25 16:30:00,,,,,,,,,0.0
2023-03-26 09:00:00,,,,,,,,,0.0
2023-03-26 16:30:00,,,,,,,,,0.0
2023-03-27 09:00:00,,,,,,,,,0.0
2023-03-27 16:30:00,,,,,,,,,0.0
2023-03-28 00:30:00,,,,,,,,,0.0
2023-03-28 09:00:00,,,,,,,,,0.0
2023-03-28 16:30:00,,,,,,,,,0.0
2023-03-29 00:30:00,,,,,,,,,0.0
2023-03-29 09:00:00,,,,,,,,,0.0
2023-03-29 16:30:00,,,,,,,,,0.0
2023-03-30 00:30:00,,,,,,,,,0.0
2023-03-30 09:00:00,,,,,,,,,0.0
2023-03-30 16:30:00,,,,,,,,,0.0
2023-03-31 00:30:00,,,,,,,,,0.0
2023-03-31 09:00:00,,,,,,,,,0.0
2023-03-31 16:30:00,,,,,,,,,0.0
2023-04-01 00:30:00,,,,,,,,,0.0
2023-04-01 09:00:00,,,,,,,,,0.0
2023-04-01 16:30:00,,,,,,,,,0.0
2023-04-02 00:30:00,,,,,,,,,0.0
2023-04-02 09:00:00,,,,,,,,,0.0
2023-04-02 16:30:00,,,,,,,,,0.0
2023-04-03 00:30:00,,,,,,,,,0.0
2023-04-03 09:00:00,,,,,,,,,0.0
2023-04-03 16:30:00,,,,,,,,,0.0
2023-04-04 00:30:00,,,,,,,,,0.0
2023-04-04 09:00:00,,,,,,,,,0.0
2023-04-04 16:30:00,,,,,,,,,0.0
2023-04-05 00:30:00,,,,,,,,,0.0
2023-04-05 09:00:00,,,,,,,,,0.0
2023-04-05 16:30:00,,,,,,,,,0.0
2023-04-06 09:00:00,,,,,,,,,0.0
2023-04-06 16:30:00,,,,,,,,,0.0
2023-04-07 09:00:00,,,,,,,,,0.0
2023-04-07 16:30:00,,,,,,,,,0.0
2023-04-08 09:00:00,,,,,,,,,0.0
2023-04-08 16:30:00,,,,,,,,,0.0
2023-04-09 00:30:00,,,,,,,,,0.0
2023-04-09 09:00:00,,,,,,,,,0.0
2023-04-09 16:30:00,,,,,,,,,0.0
2023-04-10 00:30:00,,,,,,,,,0.0
2023-04-10 09:00:00,,,,,,,,,0.0
2023-04-10 16:30:00,,,,,,,,,0.0
2023-04-11 00:30:00,,,,,,,,,0.0
2023-04-11 09:00:00,,,,,,,,,0.0
2023-04-11 16:30:00,,,,,,,,,0.0
2023-04-12 00:30:00,,,,,,,,,0.0
2023-04-12 09:00:00,,,,,,,,,0.0
2023-04-12 16:30:00,,,,,,,,,0.0
2023-04-13 00:30:00,,,,,,,,,0.0
2023-04-13 09:00:00,,,,,,,,,0.0
2023-04-13 16:30:00,,,,,,,,,0.0
2023-04-14 00:30:00,,,,,,,,,0.0
2023-04-14 09:00:00,,,,,,,,,0.0
2023-04-14 16:30:00,,,,,,,,,0.0
2023-04-15 00:30:00,,,,,,,,,0.0
2023-04-15 09:00:00,,,,,,,,,0.0
2023-04-15 16:30:00,,,,,,,,,0.0
2023-04-16 00:30:00,,,,,,,,,0.0
2023-04-16 09:00:00,,,,,,,,,0.0
2023-04-16 16:30:00,,,,,,,,,0.0
2023-04-17 00:30:00,,,,,,,,,0.0
2023-04-17 09:00:00,,,,,,,,,0.0
2023-04-17 16:30:00,,,,,,,,,0.0
2023-04-18 09:00:00,,,,,,,,,0.0
2023-04-18 16:30:00,,,,,,,,,0.0
2023-04-19 09:00:00,,,,,,,,,0.0
2023-04-19 16:30:00,,,,,,,,,0.0
2023-04-20 09:00:00,,,,,,,,,0.0
2023-04-20 16:30:00,,,,,,,,,0.0
2023-04-21 00:30:00,,,,,,,,,0.0
2023-04-21 09:00:00,,,,,,,,,0.0
2023-04-21 16:30:00,,,,,,,,,0.0
2023-04-22 00:30:00,,,,,,,,,0.0
2023-04-22 09:00:00,,,,,,,,,0.0
2023-04-22 16:30:00,,,,,,,,,0.0
2023-04-23 00:30:00,,,,,,,,,0.0
2023-04-23 09:00:00,,,,,,,,,0.0
2023-04-23 16:30:00,,,,,,,,,0.0
2023-04-24 00:30:00,,,,,,,,,0.0
2023-04-24 09:00:00,,,,,,,,,0.0
2023-04-24 16:30:00,,,,,,,,,0.0
2023-04-25 00:30:00,,,,,,,,,0.0
2023-04-25 09:00:00,,,,,,,,,0.0
2023-04-25 16:30:00,,,,,,,,,0.0
2023-04-26 00:30:00,,,,,,,,,0.0
2023-04-26 09:00:00,,,,,,,,,0.0
2023-04-26 16:30:00,,,,,,,,,0.0
2023-04-27 00:30:00,,,,,,,,,0.0
2023-04-27 09:00:00,,,,,,,,,0.0
2023-04-27 16:30:00,,,,,,,,,0.0
2023-04-28 00:30:00,,,,,,,,,0.0
2023-04-28 09:00:00,,,,,,,,,0.0
2023-04-28 16:30:00,,,,,,,,,0.0
2023-04-29 00:30:00,,,,,,,,,0.0
2023-04-29 09:00:00,,,,,,,,,0.0
2023-04-29 16:30:00,,,,,,,,,0.0
2023-04-30 09:00:00,,,,,,,,,0.0
2023-04-30 16:30:00,,,,,,,,,0.0
2023-05-01 09:00:00,,,,,,,,,0.0
2023-05-01 16:30:00,,,,,,,,,0.0
2023-05-02 09:00:00,,,,,,,,,0.0
2023-05-02 16:30:00,,,,,,,,,0.0
2023-05-03 00:30:00,,,,,,,,,0.0
2023-05-03 09:00:00,,,,,,,,,0.0
2023-05-03 16:30:00,,,,,,,,,0.0
2023-05-04 00:30:00,,,,,,,,,0.0
2023-05-04 09:00:00,,,,,,,,,0.0
2023-05-04 16:30:00,,,,,,,,,0.0
2023-05-05 00:30:00,,,,,,,,,0.0
2023-05-05 09:00:00,,,,,,,,,0.0
2023-05-05 16:30:00,,,,,,,,,0.0
2023-05-06 00:30:00,,,,,,,,,0.0
2023-05-06 09:00:00,,,,,,,,,0.0
2023-05-06 16:30:00,,,,,,,,,0.0
2023-05-07 00:30:00,,,,,,,,,0.0
2023-05-07 09:00:00,,,,,,,,,0.0
2023-05-07 16:30:00,,,,,,,,,0.0
2023-05-08 00:30:00,,,,,,,,,0.0
2023-05-08 09:00:00,,,,,,,,,0.0
2023-05-08 16:30:00,,,,,,,,,0.0
2023-05-09 00:30:00,,,,,,,,,0.0
2023-05-09 09:00:00,,,,,,,,,0.0
2023-05-09 16:30:00,,,,,,,,,0.0
2023-05-10 00:30:00,,,,,,,,,0.0
2023-05-10 09:00:00,,,,,,,,,0.0
2023-05-10 16:30:00,,,,,,,,,0.0
2023-05-11 00:30:00,,,,,,,,,0.0
2023-05-11 09:00:00,,,,,,,,,0.0
2023-05-11 16:30:00,,,,,,,,,0.0
2023-05-12 00:30:00,,,,,,,,,0.0
2023-05-12 09:00:00,,,,,,,,,0.0
2023-05-12 16:30:00,,,,,,,,,0.0
2023-05-13 00:30:00,,,,,,,,,0.0
2023-05-13 09:00:00,,,,,,,,,0.0
2023-05-13 16:30:00,,,,,,,,,0.0
2023-05-14 09:00:00,,,,,,,,,0.0
2023-05-14 16:30:00,,,,,,,,,0.0
2023-05-15 00:30:00,,,,,,,,,0.0
2023-05-15 09:00:00,,,,,,,,,0.0
2023-05-15 16:30:00,,,,,,,,,0.0
2023-05-16 00:30:00,,,,,,,,,0.0
2023-05-16 09:00:00,,,,,,,,,0.0
2023-05-16 16:30:00,,,,,,,,,0.0
2023-05-17 00:30:00,,,,,,,,,0.0
2023-05-17 09:00:00,,,,,,,,,0.0
2023-05-17 16:30:00,,,,,,,,,0.0
2023-05-18 00:30:00,,,,,,,,,0.0
2023-05-18 09:00:00,,,,,,,,,0.0
2023-05-18 16:30:00,,,,,,,,,0.0
2023-05-19 00:30:00,,,,,,,,,0.0
2023-05-19 09:00:00,,,,,,,,,0.0
2023-05-19 16:30:00,,,,,,,,,0.0
2023-05-20 00:30:00,,,,,,,,,0.0
2023-05-20 09:00:00,,,,,,,,,0.0
2023-05-20 16:30:00,,,,,,,,,0.0
2023-05-21 00:30:00,,,,,,,,,0.0
2023-05-21 09:00:00,,,,,,,,,0.0
2023-05-21 16:30:00,,,,,,,,,0.0
2023-05-22 00:30:00,,,,,,,,,0.0
2023-05-22 09:00:00,,,,,,,,,0.0
2023-05-22 16:30:00,,,,,,,,,0.0
2023-05-23 00:30:00,,,,,,,,,0.0
2023-05-23 09:00:00,,,,,,,,,0.0
2023-05-23 16:30:00,,,,,,,,,0.0
2023-05-24 00:30:00,,,,,,,,,0.0
2023-05-24 09:00:00,,,,,,,,,0.0
2023-05-24 16:30:00,,,,,,,,,0.0
2023-05-25 09:00:00,,,,,,,,,0.0
2023-05-25 16:30:00,,,,,,,,,0.0
2023-05-26 09:00:00,,,,,,,,,0.0
2023-05-26 16:30:00,,,,,,,,,0.0
2023-05-27 00:30:00,,,,,,,,,0.0
2023-05-27 09:00:00,,,,,,,,,0.0
2023-05-27 16:30:00,,,,,,,,,0.0
2023-05-28 00:30:00,,,,,,,,,0.0
2023-05-28 09:00:00,,,,,,,,,0.0
2023-05-28 16:30:00,,,,,,,,,0.0
2023-05-29 00:30:00,,,,,,,,,0.0
2023-05-29 09:00:00,,,,,,,,,0.0
2023-05-29 16:30:00,,,,,,,,,0.0
2023-05-30 00:30:00,,,,,,,,,0.0
2023-05-30 09:00:00,,,,,,,,,0.0
2023-05-30 16:30:00,,,,,,,,,0.0
2023-05-31 00:30:00,,,,,,,,,0.0
2023-05-31 09:00:00,,,,,,,,,0.0
2023-05-31 16:30:00,,,,,,,,,0.0
2023-06-01 00:30:00,,,,,,,,,0.0
2023-06-01 09:00:00,,,,,,,,,0.0
2023-06-01 16:30:00,,,,,,,,,0.0
2023-06-02 00:30:00,,,,,,,,,0.0
2023-06-02 09:00:00,,,,,,,,,0.0
2023-06-02 16:30:00,,,,,,,,,0.0
2023-06-03 00:30:00,,,,,,,,,0.0
2023-06-03 09:00:00,,,,,,,,,0.0
2023-06-03 16:30:00,,,,,,,,,0.0
2023-06-04 00:30:00,,,,,,,,,0.0
2023-06-04 09:00:00,,,,,,,,,0.0
2023-06-04 16:30:00,,,,,,,,,0.0
2023-06-05 16:30:00,,,,,,,,,0.0
2023-06-06 09:00:00,,,,,,,,,0.0
2023-06-06 16:30:00,,,,,,,,,0.0
2023-06-07 09:00:00,,,,,,,,,0.0
2023-06-07 16:30:00,,,,,,,,,0.0
2023-06-08 00:30:00,,,,,,,,,0.0
2023-06-08 09:00:00,,,,,,,,,0.0
2023-06-08 16:30:00,,,,,,,,,0.0
2023-06-09 00:30:00,,,,,,,,,0.0
2023-06-09 09:00:00,,,,,,,,,0.0
2023-06-09 16:30:00,,,,,,,,,0.0
2023-06-10 00:30:00,,,,,,,,,0.0
2023-06-10 09:00:00,,,,,,,,,0.0
2023-06-10 16:30:00,,,,,,,,,0.0
2023-06-11 00:30:00,,,,,,,,,0.0
2023-06-11 09:00:00,,,,,,,,,0.0
2023-06-11 16:30:00,,,,,,,,,0.0
2023-06-12 00:30:00,,,,,,,,,0.0
2023-06-12 09:00:00,,,,,,,,,0.0
2023-06-12 16:30:00,,,,,,,,,0.0
2023-06-13 00:30:00,,,,,,,,,0.0
2023-06-13 09:00:00,,,,,,,,,0.0
2023-06-13 16:30:00,,,,,,,,,0.0
2023-06-14 00:30:00,,,,,,,,,0.0
2023-06-14 09:00:00,,,,,,,,,0.0
2023-06-14 16:30:00,,,,,,,,,0.0
2023-06-15 00:30:00,,,,,,,,,0.0
2023-06-15 09:00:00,,,,,,,,,0.0
2023-06-15 16:30:00,,,,,,,,,0.0
2023-06-16 00:30:00,,,,,,,,,0.0
2023-06-16 09:00:00,,,,,,,,,0.0
2023-06-16 16:30:00,,,,,,,,,0.0
2023-06-17 09:00:00,,,,,,,,,0.0
2023-06-17 16:30:00,,,,,,,,,0.0
2023-06-18 09:00:00,,,,,,,,,0.0
2023-06-18 16:30:00,,,,,,,,,0.0
2023-06-19 09:00:00,,,,,,,,,0.0
2023-06-19 16:30:00,,,,,,,,,0.0
2023-06-20 00:30:00,,,,,,,,,0.0
2023-06-20 09:00:00,,,,,,,,,0.0
2023-06-20 16:30:00,,,,,,,,,0.0
2023-06-21 00:30:00,,,,,,,,,0.0
2023-06-21 09:00:00,,,,,,,,,0.0
2023-06-21 16:30:00,,,,,,,,,0.0
2023-06-22 00:30:00,,,,,,,,,0.0
2023-06-22 09:00:00,,,,,,,,,0.0
2023-06-22 16:30:00,,,,,,,,,0.0
2023-06-23 00:30:00,,,,,,,,,0.0
2023-06-23 09:00:00,,,,,,,,,0.0
2023-06-23 16:30:00,,,,,,,,,0.0
2023-06-24 00:30:00,,,,,,,,,0.0
2023-06-24 09:00:00,,,,,,,,,0.0
2023-06-24 16:30:00,,,,,,,,,0.0
2023-06-25 00:30:00,,,,,,,,,0.0
2023-06-25 09:00:00,,,,,,,,,0.0
2023-06-25 16:30:00,,,,,,,,,0.0
2023-06-26 00:30:00,,,,,,,,,0.0
2023-06-26 09:00:00,,,,,,,,,0.0
2023-06-26 16:30:00,,,,,,,,,0.0
2023-06-27 00:30:00,,,,,,,,,0.0
2023-06-27 09:00:00,,,,,,,,,0.0
2023-06-27 16:30:00,,,,,,,,,0.0
2023-06-28 00:30:00,,,,,,,,,0.0
2023-06-28 09:00:00,,,,,,,,,0.0
2023-06-28 16:30:00,,,,,,,,,0.0
2023-06-29 09:00:00,,,,,,,,,0.0
2023-06-29 16:30:00,,,,,,,,,0.0
2023-06-30 09:00:00,,,,,,,,,0.0
2023-06-30 16:30:00,,,,,,,,,0.0
2023-07-01 00:30:00,,,,,,,,,0.0
2023-07-01 09:00:00,,,,,,,,,0.0
2023-07-01 16:30:00,,,,,,,,,0.0
2023-07-02 00:30:00,,,,,,,,,0.0
2023-07-02 09:00:00,,,,,,,,,0.0
2023-07-02 16:30:00,,,,,,,,,0.0
2023-07-03 00:30:00,,,,,,,,,0.0
2023-07-03 09:00:00,,,,,,,,,0.0
2023-07-03 16:30:00,,,,,,,,,0.0
2023-07-04 00:30:00,,,,,,,,,0.0
2023-07-04 09:00:00,,,,,,,,,0.0
2023-07-04 16:30:00,,,,,,,,,0.0
2023-07-05 00:30:00,,,,,,,,,0.0
2023-07-05 09:00:00,,,,,,,,,0.0
2023-07-06 00:30:00,,,,,,,,,0.0
2023-07-06 09:00:00,,,,,,,,,0.0
2023-07-06 16:30:00,,,,,,,,,0.0
2023-07-07 00:30:00,,,,,,,,,0.0
2023-07-07 09:00:00,,,,,,,,,0.0
2023-07-07 16:30:00,,,,,,,,,0.0
2023-07-08 00:30:00,,,,,,,,,0.0
2023-07-08 09:00:00,,,,,,,,,0.0
2023-07-08 16:30:00,,,,,,,,,0.0
2023-07-09 00:30:00,,,,,,,,,0.0
2023-07-09 09:00:00,,,,,,,,,0.0
2023-07-09 16:30:00,,,,,,,,,0.0
2023-07-10 00:30:00,,,,,,,,,0.0
2023-07-10 09:00:00,,,,,,,,,0.0
2023-07-10 16:30:00,,,,,,,,,0.0
2023-07-11 09:00:00,,,,,,,,,0.0
2023-07-11 16:30:00,,,,,,,,,0.0
2023-07-12 09:00:00,,,,,,,,,0.0
2023-07-12 16:30:00,,,,,,,,,0.0
2023-07-13 09:00:00,,,,,,,,,0.0
2023-07-13 16:30:00,,,,,,,,,0.0
2023-07-14 00:30:00,,,,,,,,,0.0
2023-07-14 09:00:00,,,,,,,,,0.0
2023-07-14 16:30:00,,,,,,,,,0.0
2023-07-15 00:30:00,,,,,,,,,0.0
2023-07-15 09:00:00,,,,,,,,,0.0
2023-07-15 16:30:00,,,,,,,,,0.0
2023-07-16 00:30:00,,,,,,,,,0.0
2023-07-16 09:00:00,,,,,,,,,0.0
2023-07-16 16:30:00,,,,,,,,,0.0
2023-07-17 00:30:00,,,,,,,,,0.0
2023-07-17 09:00:00,,,,,,,,,0.0
2023-07-17 16:30:00,,,,,,,,,0.0
2023-07-18 00:30:00,,,,,,,,,0.0
2023-07-18 09:00:00,,,,,,,,,0.0
2023-07-18 16:30:00,,,,,,,,,0.0
2023-07-19 00:30:00,,,,,,,,,0.0
2023-07-19 09:00:00,,,,,,,,,0.0
2023-07-19 16:30:00,,,,,,,,,0.0
2023-07-20 00:30:00,,,,,,,,,0.0
2023-07-20 09:00:00,,,,,,,,,0.0
2023-07-20 16:30:00,,,,,,,,,0.0
2023-07-21 00:30:00,,,,,,,,,0.0
2023-07-21 09:00:00,,,,,,,,,0.0
2023-07-21 16:30:00,,,,,,,,,0.0
2023-07-22 00:30:00,,,,,,,,,0.0
2023-07-22 09:00:00,,,,,,,,,0.2
2023-07-22 16:30:00,,,,,,,,,0.0
2023-07-23 09:00:00,,,,,,,,,0.39
2023-07-23 16:30:00,,,,,,,,,0.0
2023-07-24 09:00:00,,,,,,,,,0.13
2023-07-24 16:30:00,,,,,,,,,0.0
2023-07-25 09:00:00,,,,,,,,,0.12
2023-07-25 16:30:00,,,,,,,,,0.0
2023-07-26 00:30:00,,,,,,,,,0.15
2023-07-26 09:00:00,,,,,,,,,0.0
2023-07-26 16:30:00,,,,,,,,,0.07
2023-07-27 00:30:00,,,,,,,,,0.08
2023-07-27 09:00:00,,,,,,,,,0.0
2023-07-27 16:30:00,,,,,,,,,0.0
2023-07-28 00:30:00,,,,,,,,,0.1
2023-07-28 09:00:00,,,,,,,,,0.17
2023-07-28 16:30:00,,,,,,,,,0.12
2023-07-29 00:30:00,,,,,,,,,0.0
2023-07-29 09:00:00,,,,,,,,,0.0
2023-07-29 16:30:00,,,,,,,,,0.11
2023-07-30 00:30:00,,,,,,,,,0.0
2023-07-30 09:00:00,,,,,,,,,0.0
2023-07-30 16:30:00,,,,,,,,,0.17
2023-07-31 00:30:00,,,,,,,,,0.0
2023-07-31 09:00:00,,,,,,,,,0.0
2023-07-31 16:30:00,,,,,,,,,0.11
2023-08-01 00:30:00,,,,,,,,,0.0
2023-08-01 09:00:00,,,,,,,,,0.13
2023-08-01 16:30:00,,,,,,,,,0.0
2023-08-02 00:30:00,,,,,,,,,0.0
2023-08-02 09:00:00,,,,,,,,,0.0
2023-08-02 16:30:00,,,,,,,,,0.0
2023-08-03 00:30:00,,,,,,,,,0.0
2023-08-03 09:00:00,,,,,,,,,0.0
2023-08-03 16:30:00,,,,,,,,,0.0
2023-08-04 09:00:00,,,,,,,,,0.1
2023-08-04 16:30:00,,,,,,,,,0.0
2023-08-05 09:00:00,,,,,,,,,0.03
2023-08-05 16:30:00,,,,,,,,,0.0
2023-08-06 09:00:00,,,,,,,,,0.0
2023-08-06 16:30:00,,,,,,,,,0.0
2023-08-07 00:30:00,,,,,,,,,0.0
2023-08-07 09:00:00,,,,,,,,,0.0
2023-08-07 16:30:00,,,,,,,,,0.0
2023-08-08 00:30:00,,,,,,,,,0.0
2023-08-08 09:00:00,,,,,,,,,0.0
2023-08-08 16:30:00,,,,,,,,,0.0
2023-08-09 00:30:00,,,,,,,,,0.0
2023-08-09 09:00:00,,,,,,,,,0.0
2023-08-09 16:30:00,,,,,,,,,0.0
2023-08-10 00:30:00,,,,,,,,,0.0
2023-08-10 09:00:00,,,,,,,,,0.0
2023-08-10 16:30:00,,,,,,,,,0.0
2023-08-11 00:30:00,,,,,,,,,0.0
2023-08-11 09:00:00,,,,,,,,,0.0
2023-08-11 16:30:00,,,,,,,,,0.0
2023-08-12 00:30:00,,,,,,,,,0.0
2023-08-12 09:00:00,,,,,,,,,0.0
2023-08-12 16:30:00,,,,,,,,,0.0
2023-08-13 00:30:00,,,,,,,,,0.0
2023-08-13 09:00:00,,,,,,,,,0.0
2023-08-13 16:30:00,,,,,,,,,0.0
2023-08-14 00:30:00,,,,,,,,,0.0
2023-08-14 09:00:00,,,,,,,,,0.0
2023-08-14 16:30:00,,,,,,,,,0.0
2023-08-15 00:30:00,,,,,,,,,0.0
2023-08-15 09:00:00,,,,,,,,,0.0
2023-08-15 16:30:00,,,,,,,,,0.0
2023-08-16 00:30:00,,,,,,,,,0.0
2023-08-16 09:00:00,,,,,,,,,0.0
2023-08-16 16:30:00,,,,,,,,,0.0
2023-08-17 00:30:00,,,,,,,,,0.0
2023-08-17 09:00:00,,,,,,,,,0.0
2023-08-17 16:30:00,,,,,,,,,0.0
2023-08-18 00:30:00,,,,,,,,,0.0
2023-08-18 09:00:00,,,,,,,,,0.0
2023-08-18 16:30:00,,,,,,,,,0.0
2023-08-19 00:30:00,,,,,,,,,0.0
2023-08-19 09:00:00,,,,,,,,,0.0
2023-08-19 16:30:00,,,,,,,,,0.0
2023-08-20 00:30:00,,,,,,,,,0.0
2023-08-20 09:00:00,,,,,,,,,0.0
2023-08-20 16:30:00,,,,,,,,,0.0
2023-08-21 00:30:00,,,,,,,,,0.0
2023-08-21 09:00:00,,,,,,,,,0.0
2023-08-21 16:30:00,,,,,,,,,0.0
2023-08-22 00:30:00,,,,,,,,,0.0
2023-08-22 09:00:00,,,,,,,,,0.0
2023-08-22 16:30:00,,,,,,,,,0.0
2023-08-23 00:30:00,,,,,,,,,0.0
2023-08-23 09:00:00,,,,,,,,,0.0
2023-08-23 20:00:00,,,,,,,,,0.0
2023-08-24 00:30:00,,,,,,,,,0.0
2023-08-24 09:00:00,,,,,,,,,0.0
2023-08-24 16:30:00,,,,,,,,,0.0
2023-08-25 00:30:00,,,,,,,,,0.0
2023-08-25 09:00:00,,,,,,,,,0.0
2023-08-25 16:30:00,,,,,,,,,0.0
2023-08-26 00:30:00,,,,,,,,,0.0
2023-08-26 09:00:00,,,,,,,,,0.0
2023-08-26 16:30:00,,,,,,,,,0.0
2023-08-27 00:30:00,,,,,,,,,0.0
2023-08-27 09:00:00,,,,,,,,,0.0
2023-08-27 16:30:00,,,,,,,,,0.0
2023-08-28 09:00:00,,,,,,,,,0.0
2023-08-28 16:30:00,,,,,,,,,0.0
2023-08-29 09:00:00,,,,,,,,,0.0
2023-08-29 16:30:00,,,,,,,,,0.0
2023-08-30 09:00:00,,,,,,,,,0.0
2023-08-30 16:30:00,,,,,,,,,0.0
2023-08-31 00:30:00,,,,,,,,,0.0
2023-08-31 09:00:00,,,,,,,,,0.0
2023-08-31 16:30:00,,,,,,,,,0.0
2023-09-01 00:30:00,,,,,,,,,0.0
2023-09-01 09:00:00,,,,,,,,,0.0
2023-09-01 16:30:00,,,,,,,,,0.0
2023-09-02 00:30:00,,,,,,,,,0.0
2023-09-02 09:00:00,,,,,,,,,0.0
2023-09-02 16:30:00,,,,,,,,,0.0
2023-09-03 00:30:00,,,,,,,,,0.0
2023-09-03 09:00:00,,,,,,,,,0.0
2023-09-03 16:30:00,,,,,,,,,0.0
2023-09-04 00:30:00,,,,,,,,,0.0
2023-09-04 09:00:00,,,,,,,,,0.0
2023-09-04 16:30:00,,,,,,,,,0.0
2023-09-05 00:30:00,,,,,,,,,0.0
2023-09-05 09:00:00,,,,,,,,,0.0
2023-09-05 16:30:00,,,,,,,,,0.0
2023-09-06 00:30:00,,,,,,,,,0.0
2023-09-06 09:00:00,,,,,,,,,0.0
2023-09-06 16:30:00,,,,,,,,,0.0
2023-09-07 00:30:00,,,,,,,,,0.0
2023-09-07 09:00:00,,,,,,,,,0.0
2023-09-07 16:30:00,,,,,,,,,0.0
2023-09-08 00:30:00,,,,,,,,,0.0
2023-09-08 09:00:00,,,,,,,,,0.0
2023-09-08 16:30:00,,,,,,,,,0.0
2023-09-09 09:00:00,,,,,,,,,0.0
2023-09-09 16:30:00,,,,,,,,,0.0
2023-09-10 09:00:00,,,,,,,,,0.0
2023-09-10 16:30:00,,,,,,,,,0.0
2023-09-11 00:30:00,,,,,,,,,0.0
2023-09-11 09:00:00,,,,,,,,,0.0
2023-09-11 16:30:00,,,,,,,,,0.0
2023-09-12 00:30:00,,,,,,,,,0.0
2023-09-12 09:00:00,,,,,,,,,0.0
2023-09-12 16:30:00,,,,,,,,,0.0
2023-09-13 00:30:00,,,,,,,,,0.0
2023-09-13 09:00:00,,,,,,,,,0.0
2023-09-13 16:30:00,,,,,,,,,0.0
2023-09-14 00:30:00,,,,,,,,,0.0
2023-09-14 09:00:00,,,,,,,,,0.0
2023-09-14 16:30:00,,,,,,,,,0.0
2023-09-15 00:30:00,,,,,,,,,0.0
2023-09-15 09:00:00,,,,,,,,,0.0
2023-09-15 16:30:00,,,,,,,,,0.0
2023-09-16 00:30:00,,,,,,,,,0.0
2023-09-16 09:00:00,,,,,,,,,0.0
2023-09-16 16:30:00,,,,,,,,,0.0
2023-09-17 00:30:00,,,,,,,,,0.0
2023-09-17 09:00:00,,,,,,,,,0.0
2023-09-17 16:30:00,,,,,,,,,0.0
2023-09-18 00:30:00,,,,,,,,,0.0
2023-09-18 09:00:00,,,,,,,,,0.0
2023-09-18 16:30:00,,,,,,,,,0.0
2023-09-19 00:30:00,,,,,,,,,0.0
2023-09-19 09:00:00,,,,,,,,,0.0
2023-09-19 16:30:00,,,,,,,,,0.0
2023-09-20 00:30:00,,,,,,,,,0.0
2023-09-20 09:00:00,,,,,,,,,0.0
2023-09-20 16:30:00,,,,,,,,,0.0
2023-09-21 00:30:00,,,,,,,,,0.0
2023-09-21 09:00:00,,,,,,,,,0.0
2023-09-21 16:30:00,,,,,,,,,0.0
2023-09-22 00:30:00,,,,,,,,,0.0
2023-09-22 09:00:00,,,,,,,,,0.0
2023-09-22 16:30:00,,,,,,,,,0.0
2023-09-23 00:30:00,,,,,,,,,0.0
2023-09-23 09:00:00,,,,,,,,,0.0
2023-09-23 16:30:00,,,,,,,,,0.0
2023-09-24 00:30:00,,,,,,,,,0.0
2023-09-24 09:00:00,,,,,,,,,0.0
2023-09-24 16:30:00,,,,,,,,,0.0
2023-09-25 09:00:00,,,,,,,,,0.0
2023-09-25 16:30:00,,,,,,,,,0.0
2023-09-26 00:30:00,,,,,,,,,0.0
2023-09-26 09:00:00,,,,,,,,,0.0
2023-09-26 16:30:00,,,,,,,,,0.0
2023-09-27 00:30:00,,,,,,,,,0.0
2023-09-27 09:00:00,,,,,,,,,0.0
2023-09-27 16:30:00,,,,,,,,,0.0
2023-09-28 00:30:00,,,,,,,,,0.0
2023-09-28 09:00:00,,,,,,,,,0.0
2023-09-28 16:30:00,,,,,,,,,0.0
2023-09-29 00:30:00,,,,,,,,,0.0
2023-09-29 09:00:00,,,,,,,,,0.0
2023-09-29 16:30:00,,,,,,,,,0.0
2023-09-30 00:30:00,,,,,,,,,0.0
2023-09-30 09:00:00,,,,,,,,,0.0
2023-09-30 16:30:00,,,,,,,,,0.0
2023-10-01 00:30:00,,,,,,,,,0.0
2023-10-01 09:00:00,,,,,,,,,0.0
2023-10-01 16:30:00,,,,,,,,,0.0
2023-10-02 00:30:00,,,,,,,,,0.0
2023-10-02 09:00:00,,,,,,,,,0.0
2023-10-02 16:30:00,,,,,,,,,0.0
2023-10-03 00:30:00,,,,,,,,,0.0
2023-10-03 09:00:00,,,,,,,,,0.0
2023-10-03 16:30:00,,,,,,,,,0.0
2023-10-04 00:30:00,,,,,,,,,0.0
2023-10-04 09:00:00,,,,,,,,,0.0
2023-10-04 16:30:00,,,,,,,,,0.0
2023-10-05 00:30:00,,,,,,,,,0.0
2023-10-05 09:00:00,,,,,,,,,0.0
2023-10-05 16:30:00,,,,,,,,,0.0
2023-10-06 00:30:00,,,,,,,,,0.0
2023-10-06 09:00:00,,,,,,,,,0.0
2023-10-06 16:30:00,,,,,,,,,0.0
2023-10-07 00:30:00,,,,,,,,,0.0
2023-10-07 08:30:00,,,,,,,,,0.0
2023-10-07 16:30:00,,,,,,,,,0.0
2023-10-08 00:30:00,,,,,,,,,0.0
2023-10-08 09:00:00,,,,,,,,,0.0
2023-10-08 16:30:00,,,,,,,,,0.0
2023-10-09 00:30:00,,,,,,,,,0.0
2023-10-09 09:00:00,,,,,,,,,0.0
2023-10-09 16:30:00,,,,,,,,,0.0
2023-10-10 00:30:00,,,,,,,,,0.0
2023-10-10 09:00:00,,,,,,,,,0.0
2023-10-10 16:30:00,,,,,,,,,0.0
2023-10-11 00:30:00,,,,,,,,,0.0
2023-10-11 09:00:00,,,,,,,,,0.0
2023-10-11 16:30:00,,,,,,,,,0.0
2023-10-12 00:30:00,,,,,,,,,0.0
2023-10-12 09:00:00,,,,,,,,,0.0
2023-10-12 16:30:00,,,,,,,,,0.0
2023-10-13 00:30:00,,,,,,,,,0.0
2023-10-13 09:00:00,,,,,,,,,0.0
2023-10-13 16:30:00,,,,,,,,,0.0
2023-10-14 00:30:00,,,,,,,,,0.0
2023-10-14 09:00:00,,,,,,,,,0.0
2023-10-14 16:30:00,,,,,,,,,0.0
2023-10-15 00:30:00,,,,,,,,,0.0
2023-10-15 09:00:00,,,,,,,,,0.0
2023-10-15 16:30:00,,,,,,,,,0.0
2023-10-16 00:30:00,,,,,,,,,0.0
2023-10-16 09:00:00,,,,,,,,,0.0
2023-10-16 16:30:00,,,,,,,,,0.0
2023-10-17 00:30:00,,,,,,,,,0.0
2023-10-17 09:00:00,,,,,,,,,0.0
2023-10-17 16:30:00,,,,,,,,,0.0
2023-10-18 00:30:00,,,,,,,,,0.0
2023-10-18 09:00:00,,,,,,,,,0.0
2023-10-18 16:30:00,,,,,,,,,0.0
2023-10-19 00:30:00,,,,,,,,,0.0
2023-10-19 09:00:00,,,,,,,,,0.0
2023-10-19 16:30:00,,,,,,,,,0.0
2023-10-20 00:30:00,,,,,,,,,0.0
2023-10-20 09:00:00,,,,,,,,,0.0
2023-10-20 16:30:00,,,,,,,,,0.0
2023-10-21 00:30:00,,,,,,,,,0.0
2023-10-21 09:00:00,,,,,,,,,0.0
2023-10-21 16:30:00,,,,,,,,,0.0
2023-10-22 00:30:00,,,,,,,,,0.0
2023-10-22 09:00:00,,,,,,,,,0.0
2023-10-22 16:30:00,,,,,,,,,0.0
2023-10-23 00:30:00,,,,,,,,,0.0
2023-10-23 09:00:00,,,,,,,,,0.0
2023-10-23 16:30:00,,,,,,,,,0.0
2023-10-24 00:30:00,,,,,,,,,0.0
2023-10-24 09:00:00,,,,,,,,,0.0
2023-10-24 16:30:00,,,,,,,,,0.0
2023-10-25 00:30:00,,,,,,,,,0.0
2023-10-25 09:00:00,,,,,,,,,0.0
2023-10-25 16:30:00,,,,,,,,,0.0
2023-10-26 00:30:00,,,,,,,,,0.0
2023-10-26 09:00:00,,,,,,,,,0.0
2023-10-26 16:30:00,,,,,,,,,0.0
2023-10-27 00:30:00,,,,,,,,,0.0
2023-10-27 09:00:00,,,,,,,,,0.0
2023-10-27 16:30:00,,,,,,,,,0.0
2023-10-28 00:30:00,,,,,,,,,0.0
2023-10-28 09:00:00,,,,,,,,,0.0
2023-10-28 16:30:00,,,,,,,,,0.0
2023-10-29 00:30:00,,,,,,,,,0.0
2023-10-29 09:00:00,,,,,,,,,0.0
2023-10-29 16:30:00,,,,,,,,,0.0
2023-10-30 00:30:00,,,,,,,,,0.0
2023-10-30 09:00:00,,,,,,,,,0.0
2023-10-30 16:30:00,,,,,,,,,0.0
2023-10-31 00:30:00,,,,,,,,,0.0
2023-10-31 09:00:00,,,,,,,,,0.0
2023-10-31 16:30:00,,,,,,,,,0.0
2023-11-01 00:30:00,,,,,,,,,0.0
2023-11-01 09:00:00,,,,,,,,,0.0
2023-11-01 16:30:00,,,,,,,,,0.0
2023-11-02 00:30:00,,,,,,,,,0.0
2023-11-02 09:00:00,,,,,,,,,0.0
2023-11-02 16:30:00,,,,,,,,,0.0
2023-11-03 00:30:00,,,,,,,,,0.0
2023-11-03 09:00:00,,,,,,,,,0.0
2023-11-03 16:30:00,,,,,,,,,0.0
2023-11-04 00:30:00,,,,,,,,,0.0
2023-11-04 09:00:00,,,,,,,,,0.0
2023-11-04 16:30:00,,,,,,,,,0.0
2023-11-05 00:30:00,,,,,,,,,0.0
2023-11-05 09:00:00,,,,,,,,,0.0
2023-11-05 16:30:00,,,,,,,,,0.0
2023-11-06 00:30:00,,,,,,,,,0.0
2023-11-06 09:00:00,,,,,,,,,0.0
2023-11-06 16:30:00,,,,,,,,,0.0
2023-11-07 00:30:00,,,,,,,,,0.0
2023-11-07 09:00:00,,,,,,,,,0.0
2023-11-07 16:30:00,,,,,,,,,0.0
2023-11-08 00:30:00,,,,,,,,,0.0
2023-11-08 09:00:00,,,,,,,,,0.0
2023-11-08 16:30:00,,,,,,,,,0.0
2023-11-09 00:30:00,,,,,,,,,0.0
2023-11-09 09:00:00,,,,,,,,,0.0
2023-11-09 16:30:00,,,,,,,,,0.0
2023-11-10 00:30:00,,,,,,,,,0.0
2023-11-10 09:00:00,,,,,,,,,0.0
2023-11-10 16:30:00,,,,,,,,,0.0
2023-11-11 09:00:00,,,,,,,,,0.0
2023-11-11 16:30:00,,,,,,,,,0.0
2023-11-12 16:30:00,,,,,,,,,0.0
2023-11-13 00:30:00,,,,,,,,,0.0
2023-11-13 09:00:00,,,,,,,,,0.0
2023-11-14 00:30:00,,,,,,,,,0.0
2023-11-14 09:00:00,,,,,,,,,0.0
2023-11-15 00:30:00,,,,,,,,,0.0
2023-11-15 09:00:00,,,,,,,,,0.0
2023-11-16 00:30:00,,,,,,,,,0.0
2023-11-16 09:00:00,,,,,,,,,0.0
2023-11-17 00:30:00,,,,,,,,,0.0
2023-11-17 09:00:00,,,,,,,,,0.0
2023-11-17 16:30:00,,,,,,,,,0.0
2023-11-18 00:30:00,,,,,,,,,0.0
2023-11-18 09:00:00,,,,,,,,,0.0
2023-11-18 16:30:00,,,,,,,,,0.0
2023-11-19 00:30:00,,,,,,,,,0.0
2023-12-01 09:00:00,,,,,,,,,0.0
2023-12-01 16:30:00,,,,,,,,,0.0
2023-12-02 00:30:00,,,,,,,,,0.07
2023-12-02 16:30:00,,,,,,,,,0.0
2023-12-03 00:30:00,,,,,,,,,0.0
2023-12-03 09:00:00,,,,,,,,,0.0
2023-12-03 16:30:00,,,,,,,,,0.0
2023-12-04 00:30:00,,,,,,,,,0.0
2023-12-04 09:00:00,,,,,,,,,0.0
2023-12-04 16:30:00,,,,,,,,,0.0
2023-12-05 00:30:00,,,,,,,,,0.0
2023-12-05 09:00:00,,,,,,,,,0.0
2023-12-05 16:30:00,,,,,,,,,0.0
2023-12-06 09:00:00,,,,,,,,,0.0
2023-12-06 16:30:00,,,,,,,,,0.1
2023-12-07 00:30:00,,,,,,,,,0.0
2023-12-07 09:00:00,,,,,,,,,0.0
2023-12-07 16:30:00,,,,,,,,,0.0
2023-12-08 00:30:00,,,,,,,,,0.0
2023-12-08 09:00:00,,,,,,,,,0.0
2023-12-08 16:30:00,,,,,,,,,0.0
2023-12-09 00:30:00,,,,,,,,,0.0
2023-12-09 09:00:00,,,,,,,,,0.0
2023-12-09 16:30:00,,,,,,,,,0.0
2023-12-10 00:30:00,,,,,,,,,0.0
2023-12-10 09:00:00,,,,,,,,,0.0
2023-12-10 16:30:00,,,,,,,,,0.0
2023-12-11 00:30:00,,,,,,,,,0.0
2023-12-11 09:00:00,,,,,,,,,0.0
2023-12-11 16:30:00,,,,,,,,,0.0
2023-12-12 00:30:00,,,,,,,,,0.0
2023-12-12 09:00:00,,,,,,,,,0.0
2023-12-12 16:30:00,,,,,,,,,0.0
2023-12-13 00:30:00,,,,,,,,,0.0
2023-12-13 09:00:00,,,,,,,,,0.0
2023-12-13 16:30:00,,,,,,,,,0.0
2023-12-14 00:30:00,,,,,,,,,0.0
2023-12-14 09:00:00,,,,,,,,,0.0
2023-12-14 16:30:00,,,,,,,,,0.0
2023-12-15 00:30:00,,,,,,,,,0.0
2023-12-15 09:00:00,,,,,,,,,0.0
2023-12-15 16:30:00,,,,,,,,,0.0
2023-12-16 00:30:00,,,,,,,,,0.0
2023-12-16 09:00:00,,,,,,,,,1.0
2023-12-16 16:30:00,,,,,,,,,0.0
2023-12-17 00:30:00,,,,,,,,,0.0
2023-12-17 09:00:00,,,,,,,,,0.39
2023-12-17 16:30:00,,,,,,,,,0.0
2023-12-18 00:30:00,,,,,,,,,0.18
2023-12-18 09:00:00,,,,,,,,,0.17
2023-12-18 16:30:00,,,,,,,,,0.0
2023-12-19 00:30:00,,,,,,,,,0.14
2023-12-19 09:00:00,,,,,,,,,0.34
2023-12-19 16:30:00,,,,,,,,,0.0
2023-12-20 09:00:00,,,,,,,,,0.0
2023-12-20 16:30:00,,,,,,,,,0.0
2023-12-21 00:30:00,,,,,,,,,0.0
2023-12-21 09:00:00,,,,,,,,,0.0
2023-12-21 16:30:00,,,,,,,,,0.1
2023-12-22 00:30:00,,,,,,,,,0.0
2023-12-22 09:00:00,,,,,,,,,0.0
2023-12-22 16:30:00,,,,,,,,,0.1
2023-12-23 00:30:00,14.9828272,110.2658081,1796.192749,102.1999969,105.7725677,1465.2429199,1490.7492676,50.6552315,0.0
2023-12-23 09:00:00,15.0180521,110.7010651,1822.5802002,102.4000015,105.8449936,1499.1022949,1510.5845947,50.2000008,0.0
2023-12-23 16:30:00,15.6354351,111.6504364,1804.8022461,102.236412,105.6999969,1388.9482422,1413.6210938,50.2000008,0.05
2023-12-24 00:30:00,14.9925375,112.0,1813.5484619,102.3000031,105.6302109,1457.7924805,1476.8500977,45.6469154,0.0
2023-12-24 09:00:00,13.4390192,112.6461411,1789.895752,103.250351,106.3797913,1629.9862061,1655.0,50.2338333,0.0
2023-12-24 16:30:00,13.4501333,113.2963181,1801.4980469,103.2717361,106.4540253,1819.8017578,1829.1402588,49.9310265,0.18
2023-12-25 00:30:00,14.2405157,111.9942245,1783.2193604,102.6290588,106.0999985,1558.4953613,1581.0255127,50.1723747,0.0
2023-12-25 09:00:00,14.4647989,111.945343,1812.2087402,102.6999969,105.8400497,1462.5380859,1505.2572021,50.3310814,0.0
2023-12-25 16:30:00,14.2428379,113.2707291,1804.713623,102.972435,106.1999969,1600.4144287,1635.1693115,50.3758011,0.0
2023-12-26 00:30:00,14.5165005,112.4101181,1789.2419434,102.5798798,106.2433853,1652.7547607,1711.6168213,49.5024185,0.0
2023-12-26 09:00:00,15.0508823,112.3751602,1819.8444824,102.4556732,106.0,1478.6046143,1564.8647461,50.2072563,0.0
2023-12-26 16:30:00,15.0138083,113.2211227,1805.8533936,102.6999969,105.8507614,1505.9577637,1546.1125488,49.5445595,0.0
2023-12-27 00:30:00,14.7830658,113.6322403,1754.9836426,102.8367462,106.3318939,1742.0,1755.5109863,50.1321373,0.19
2023-12-27 09:00:00,15.2314959,112.158287,1767.6813965,102.6999969,106.2520676,1622.7908936,1652.3747559,49.6489449,0.0
2023-12-27 16:30:00,16.0348587,112.0764313,1781.3652344,102.487854,105.8892746,1482.1352539,1496.7816162,51.0999985,0.35
2023-12-28 00:30:00,16.4959526,111.8166046,1832.8979492,102.3000031,105.9966278,1519.5949707,1544.0936279,50.598175,0.27
2023-12-28 09:00:00,16.5217476,112.0583191,1847.8951416,102.2882538,106.0,1497.3996582,1542.831665,50.7999992,0.0
2023-12-28 16:30:00,15.9760275,112.910408,1845.5933838,102.3307266,106.5255585,1755.3796387,1788.2408447,50.4598694,0.3
2023-12-29 00:30:00,16.0487995,112.4075851,1843.9768066,102.4000015,106.2058182,1661.6048584,1689.2050781,50.4506683,0.21
2023-12-29 09:00:00,16.3973541,113.3694458,1864.9017334,102.4448013,105.944519,1569.0976563,1619.8675537,49.5,0.0
2023-12-29 16:30:00,15.6546135,115.0326614,1881.2124023,103.27491,106.3656845,1834.2473145,1857.5131836,49.0663834,0.0
2023-12-30 00:30:00,15.9949903,113.9249649,1883.2103271,102.8427124,106.4206924,1793.0524902,1825.7110596,50.1816673,0.27
2023-12-30 09:00:00,10.9718571,94.4052582,1526.8453369,103.8212051,106.350174,1769.6616211,1795.4859619,48.5537415,0.31
2023-12-30 16:30:00,17.0126247,112.6786423,1600.7578125,103.2357864,105.3209152,1402.3635254,1413.604248,51.3616219,0.0
2023-12-31 00:30:00,16.1100006,118.0736847,1586.6791992,103.1037521,105.3887558,1409.5466309,1416.2421875,54.1827278,0.0
2023-12-31 09:00:00,15.8930149,118.5767746,1596.5197754,103.1999969,105.5999985,1449.5175781,1437.5811768,49.6446075,0.0
2023-12-31 16:30:00,,,,,,,,,0.31
2024-01-01 00:30:00,,,,,,,,,0.0
2024-01-01 09:00:00,,,,,,,,,0.0
2024-01-01 16:30:00,,,,,,,,,0.37
2024-01-02 01:21:08,,,,,,,,,0.0
2024-01-02 09:00:00,,,,,,,,,0.0
2024-01-02 16:30:00,15.2530346,118.2212219,1582.7927246,103.0160446,105.5999985,1446.0369873,1466.3588867,50.9974098,0.25
2024-01-03 00:30:00,15.4803085,116.9886169,1812.5991211,103.3000031,105.7624817,1548.2509766,1565.347168,48.9219971,0.0
2024-01-03 09:00:00,15.5025673,115.7494431,1822.1551514,103.3000031,105.647583,1542.6223145,1555.9294434,50.739872,0.0
2024-01-03 16:30:00,15.4534674,117.5047607,2017.0938721,104.0999985,106.5416107,1891.1477051,1911.7548828,52.7092171,0.0
2024-01-04 00:30:00,15.7856302,115.4193268,2026.8966064,103.8000031,106.2778244,1706.5931396,1738.0627441,50.1758766,0.0
2024-01-04 09:00:00,15.8230209,115.0030289,2016.8989258,103.7629776,106.2592316,1672.4970703,1737.8256836,50.380909,0.0
2024-01-04 16:30:00,15.4970169,117.2365189,1996.8728027,104.4431992,106.8000031,2033.4830322,2063.9025879,50.2000008,0.0
2024-01-05 01:30:00,15.5964708,121.85466,1991.3243408,104.8000031,107.2321091,2108.8830566,2126.7897949,50.0482788,0.0
2024-01-05 09:00:00,15.5176392,122.6384277,2007.5789795,105.2247543,107.6999969,2291.7944336,2313.6206055,50.0,0.0
2024-01-05 16:30:00,13.2168179,125.0076828,1808.7158203,105.4000015,107.6616669,2333.3044434,2369.416748,50.9585037,0.0
2024-01-06 00:30:00,13.9838276,122.9565506,1816.4211426,104.9627838,107.273941,2160.4504395,2186.7624512,50.1410408,0.18
2024-01-06 09:00:00,14.5074921,121.3761826,1792.876709,104.5999985,106.917778,1993.5825195,2049.8046875,49.8775368,0.28
2024-01-06 16:30:00,14.7360401,122.8909149,1786.1270752,104.6170654,107.1999969,2078.6091309,2116.550293,50.4157486,0.0
2024-01-07 00:30:00,15.1210909,121.4987564,1812.5080566,104.487175,107.0,2007.8594971,2037.7279053,50.1023445,0.13
2024-01-07 09:00:00,15.4699993,121.1690063,1981.3192139,105.1864624,107.6789017,2246.6652832,2285.4924316,50.036171,0.0
2024-01-07 16:30:00,15.5554848,120.7528229,2021.4716797,105.1220627,107.664505,2251.5881348,2287.7131348,51.2911148,0.0
2024-01-08 00:30:00,15.6319618,118.8719864,2046.7399902,104.6999969,107.1999969,2068.5029297,2091.8261719,50.2000008,0.04
2024-01-08 09:00:00,15.6403809,118.0565643,2027.3444824,104.565773,107.0514832,1992.3222656,2041.5653076,51.6708794,0.0
2024-01-08 16:30:00,,,,,,,,,0.0
2024-01-09 00:30:00,18.0730667,121.4605179,2129.0,104.8907089,107.1999969,2217.9746094,2225.2746582,50.0,0.0
2024-01-09 09:00:00,17.9684143,121.0981216,2114.1298828,104.9477692,107.2187042,2174.0727539,2192.7768555,50.1356926,0.0
2024-01-09 16:30:00,16.5084972,122.9783707,2091.9072266,105.4000015,107.6002884,2334.373291,2344.6652832,49.9038696,0.04
2024-01-10 00:30:00,16.0878944,121.3197479,2076.3942871,104.8592224,107.1375198,2183.6201172,2187.1464844,49.9820824,0.0
2024-01-10 09:00:00,16.6852207,119.8127823,2055.9301758,104.6999969,107.0554199,2094.869873,2103.1213379,50.1243057,0.0
2024-01-10 16:30:00,15.9626579,121.7995377,2069.111084,105.3810349,107.5619278,2413.7172852,2396.8349609,49.9800148,0.02
2024-01-11 00:30:00,15.9807539,119.914917,2156.4265137,105.0,107.3000031,2200.5827637,2239.0,50.0,0.0
2024-01-11 09:00:00,17.4682026,118.8400574,2234.9584961,105.0263367,107.2491074,2194.0588379,2214.6967773,50.1184464,0.0
2024-01-11 16:30:00,17.3176689,120.2457504,2220.1120605,105.1660538,107.6297226,2275.6149902,2311.5466309,50.155056,0.01
2024-01-12 00:30:00,17.4978428,119.6382065,2214.8962402,105.0999985,107.4784546,2243.4892578,2291.8496094,49.6974068,0.0
2024-01-12 09:00:00,17.4276752,118.8864136,2209.2712402,104.8000031,107.2416763,2107.7929688,2165.7687988,50.14748,0.0
2024-01-12 16:30:00,15.5401497,121.5345688,1977.3295898,105.3990707,107.5999985,2352.9245605,2415.6181641,50.0746574,0.0
2024-01-13 00:30:00,15.522706,120.3141861,1984.5649414,105.1616974,107.2837601,2264.7607422,2274.6928711,50.0,0.0
2024-01-13 09:00:00,17.0069523,119.0477142,2105.5241699,104.7700806,107.1935654,2126.9848633,2162.7980957,50.0,0.0
2024-01-13 16:30:00,15.9497318,120.915596,2004.2723389,104.9437637,107.5864334,2282.6889648,2314.3640137,50.0,0.0
2024-01-14 00:30:00,14.9993553,121.2437286,2005.0,105.3699951,107.9734879,2367.119873,2403.715332,49.0,0.0
2024-01-14 09:00:00,15.7823143,119.7414169,2015.3071289,104.5,107.0552673,2037.6345215,2075.8249512,49.8724518,0.0
2024-01-14 16:30:00,14.9030514,121.241684,1986.2784424,105.2830887,107.9403305,2476.9233398,2483.5341797,49.9276123,0.0
2024-01-15 00:30:00,15.221509,120.3221283,2024.3868408,105.3082275,107.8581161,2441.6496582,2453.345459,50.0367355,0.01
2024-01-15 09:00:00,15.2270031,119.9956207,1952.8001709,104.9676895,107.4307251,2219.3088379,2250.6169434,49.8540001,0.0
2024-01-15 16:30:00,13.9578438,121.8466797,1841.1224365,105.3000031,107.8669128,2396.4760742,2420.4309082,49.6106148,0.0
2024-01-16 00:30:00,13.9762697,121.0018311,1783.2635498,105.0,107.5999985,2217.546875,2243.7573242,50.0,0.01
2024-01-16 09:00:00,14.9641733,119.9338531,1810.7983398,104.35952,106.8155746,1934.4885254,1956.1337891,50.0,0.0
2024-01-16 16:30:00,15.2274113,120.1995621,1817.720459,104.6581421,106.9950485,2070.7416992,2088.7756348,49.9578857,0.0
2024-01-17 00:30:00,14.4267817,120.2866287,1807.9685059,104.9000015,107.3852539,2212.7451172,2207.8735352,50.0,0.0
2024-01-17 09:00:00,14.9739256,120.1474152,1982.8833008,105.4000015,107.8480988,2390.892334,2412.6037598,50.1109505,0.0
2024-01-17 16:30:00,14.314846,120.6216812,1998.1020508,105.5,107.8308105,2420.894043,2459.1108398,49.8440819,0.02
2024-01-18 00:30:00,15.9862213,117.9455719,2110.0,104.6999969,107.2715836,2187.3815918,2163.0371094,50.0,0.0
2024-01-18 09:00:00,16.4853878,116.3618546,2205.1074219,104.8000031,107.2351685,2151.1687012,2182.0585938,49.9263573,0.0
2024-01-18 16:30:00,17.0667934,116.7341614,2296.7553711,104.6999969,107.0501251,2162.5290527,2195.5290527,50.8264198,0.0
2024-01-19 00:30:00,16.4171505,118.6290207,2262.7241211,105.1999969,107.6999969,2350.5085449,2361.3527832,49.8518333,0.0
2024-01-19 09:00:00,15.014472,118.8852463,2095.5302734,105.2963181,108.2409515,2519.1333008,2543.3310547,49.5753136,0.0
2024-01-19 16:30:00,12.8092232,119.10009,2049.7521973,105.5999985,108.1399994,2668.559082,2695.5014648,49.9714928,0.01
2024-01-20 00:30:00,12.1792402,118.2534485,1934.8240967,105.4938354,107.8326721,2452.3210449,2424.0620117,50.0,0.0
2024-01-20 09:00:00,14.8787174,118.0669403,1929.0996094,103.4915695,107.0109024,2285.878418,2304.4785156,49.4124527,0.0
2024-01-20 16:30:00,11.79,119.0685349,1837.7095947,105.5999985,108.1143417,2546.4570313,2565.9492188,49.7630196,0.02
2024-01-21 00:30:00,14.6890984,118.1932831,1900.2984619,104.4938278,107.0178299,2128.6704102,2135.6362305,50.0,0.0
2024-01-21 09:00:00,14.582305,116.5830536,1913.0531006,104.3000031,106.8633347,2048.0456543,2051.2717285,50.0775909,0.01
2024-01-21 16:30:00,12.6715622,117.2692566,1887.0,105.3629379,108.0039368,2536.3173828,2557.6982422,50.0999985,0.0
2024-01-22 00:30:00,14.2743454,115.941185,1821.6712646,104.3125839,107.1336212,1969.8636475,1984.800415,50.1316299,0.0
2024-01-22 09:00:00,14.002717,115.3313217,1935.1557617,104.3000031,106.9331131,2001.6560059,2003.3127441,50.0,0.01
2024-01-22 16:30:00,14.2903538,115.8201294,1914.5310059,104.5,107.1019592,2070.1213379,2095.9606934,50.1297951,0.0
2024-01-23 00:30:00,12.4886293,114.642746,1907.2373047,104.9000015,107.3356247,2212.6831055,2253.7231445,50.0,0.0
2024-01-23 09:00:00,15.0223198,113.2055664,2161.3989258,105.0,107.5999985,2217.5351563,2249.934082,50.0,0.0
2024-01-23 16:30:00,14.4176855,113.2466202,2224.4206543,105.2816925,107.8860168,2439.0,2506.0390625,49.9947281,0.0
2024-01-24 00:30:00,14.5219107,113.9531174,2079.8249512,104.8835678,107.5126724,2209.3601074,2244.8498535,50.0,0.0
2024-01-24 09:00:00,13.8504133,114.1420822,2056.6882324,104.9902878,107.6599884,2233.2978516,2322.7648926,50.0,0.0
2024-01-24 16:30:00,14.5146112,113.8896484,2095.6640625,105.1999969,107.5161514,2278.2717285,2307.2443848,49.9760857,0.0
2024-01-25 00:30:00,14.524725,114.5577087,2108.9587402,105.1999969,107.7206497,2393.5834961,2399.6357422,50.0053177,0.0
2024-01-25 09:00:00,14.5191851,114.5685501,2052.5932617,104.9187698,107.4717789,2150.8818359,2156.7578125,50.0,0.0
2024-01-25 16:30:00,14.4430771,114.5452652,2048.0356445,105.0999985,107.6768494,2344.3273926,2329.0107422,49.9253311,0.0
2024-01-26 00:30:00,14.0260553,113.2558594,2133.4848633,104.7615433,107.2013168,2092.1262207,2101.8129883,50.1567001,0.0
2024-01-26 09:00:00,14.5691662,112.3845139,2092.9072266,104.4000015,106.8071899,1971.8082275,1979.34021,50.1585808,0.0
2024-01-26 16:30:00,16.3069706,112.7175064,2149.6547852,103.0,107.6990967,2337.5725098,2366.1176758,49.3974037,0.0
2024-01-27 00:30:00,16.0589314,112.0830307,2147.2827148,103.0645523,107.681427,2347.6140137,2399.2709961,49.3863754,0.0
2024-01-27 09:00:00,11.8005247,113.7477036,2111.892334,105.4000015,107.8946609,2429.5681152,2444.9631348,49.5554543,0.0
2024-01-27 16:30:00,12.1713066,113.5015564,1896.9509277,104.5,107.0842667,2096.6437988,2095.3635254,50.0,0.01
2024-01-28 00:30:00,13.7811899,111.2550049,2031.4014893,104.1555786,106.7930679,1908.4371338,1974.4046631,50.063839,0.0
2024-01-28 09:00:00,14.1469107,111.521904,2035.7630615,103.586937,106.3000031,1720.8647461,1746.7318115,49.955452,0.0
2024-01-28 16:30:00,13.5384598,112.9718475,1990.3900146,104.0999985,106.7468796,1903.0941162,1914.0394287,50.0,0.01
2024-01-29 00:30:00,13.238699,112.3815002,1990.3133545,104.4622726,106.9149628,1998.87854,2006.3380127,50.0,0.0
2024-01-29 09:00:00,13.7267456,112.4581223,2107.4770508,104.5,107.0096817,2015.4790039,2012.557373,50.1678429,0.0
2024-01-29 16:30:00,13.0129824,113.9200592,2102.6901855,104.8729706,107.3230286,2162.9460449,2164.392334,49.7999992,0.11
2024-01-30 09:00:00,14.5181408,112.8567429,2078.1025391,104.3856964,106.881813,1977.7227783,1997.6462402,50.0,0.0
2024-01-30 16:30:00,13.8721466,114.062149,2102.4570313,104.4023209,106.8626556,1930.529541,2003.2684326,50.2703018,0.0
2024-01-31 00:30:00,14.2430582,112.992157,2123.3713379,104.5999985,106.9792862,2042.8475342,2055.3603516,50.1403809,0.0
2024-01-31 09:00:00,14.5430765,113.349144,2088.6760254,104.3653259,106.7848434,1987.3212891,1996.2261963,50.0,0.0
2024-01-31 16:30:00,13.4842005,114.3379135,2103.1142578,104.7285309,107.1062164,2084.1594238,2153.1225586,50.0699387,0.0
2024-02-01 00:30:00,13.6728182,113.2534485,2035.694458,104.8000031,107.1021652,2178.9743652,2212.998291,50.0,0.0
2024-02-01 09:00:00,14.2435112,112.5535812,2039.0981445,104.2110443,106.6999969,1884.6220703,1935.3612061,50.0,0.0
2024-02-01 16:30:00,12.8019104,114.0363235,2059.6774902,105.2212906,107.441452,2249.0837402,2263.9787598,49.9652328,0.0
2024-02-02 00:30:00,13.3825293,113.5667496,1989.2736816,104.6999969,107.0,2072.859375,2080.5036621,50.0,0.0
2024-02-02 09:00:00,14.4049959,112.5336914,2016.5080566,104.0999985,106.5999985,1843.8233643,1868.5452881,49.9585495,0.0
2024-02-02 16:30:00,13.1142387,113.9977493,2010.2103271,105.0802689,107.1958313,2219.1022949,2214.692627,50.1611938,0.0
2024-02-03 00:30:00,13.5054712,112.7817688,2026.456543,104.5,106.9867325,2039.331543,2050.6308594,50.3737144,0.0
2024-02-03 09:00:00,14.4291821,112.7528458,1982.4310303,104.1999969,106.6999969,1856.1212158,1857.5932617,48.3510971,0.0
2024-02-03 16:30:00,14.0775194,114.2094879,1970.850708,104.6999969,107.1083679,2095.7226563,2119.8215332,49.8599586,0.0
2024-02-04 00:30:00,13.5506859,113.6610107,2017.0987549,104.7394104,107.1342773,2111.3710938,2121.4755859,50.0,0.0
2024-02-04 09:00:00,13.7160969,112.770462,1994.7897949,104.4097214,106.8517838,1983.369873,2001.8050537,50.0037537,0.0
2024-02-04 16:30:00,13.5860519,113.7303543,2001.4934082,104.8000031,107.1662369,2190.692627,2261.2497559,50.3241196,0.0
2024-02-05 00:30:00,13.6492167,113.9868164,2031.7706299,105.0,107.6184616,2325.4448242,2355.3691406,50.1369514,0.0
2024-02-05 09:00:00,13.6908493,114.0,2010.0534668,104.9013672,107.2409897,2194.8920898,2189.2353516,50.0035629,0.0
2024-02-05 16:30:00,13.9678183,114.5330276,1985.9688721,105.0999985,107.5,2273.3874512,2317.0734863,50.7089653,0.1
2024-02-06 00:30:00,13.057333,113.4326935,1985.7950439,105.222847,107.6759949,2330.1164551,2332.3857422,50.0,0.0
2024-02-06 09:00:00,14.3020544,112.1350021,2096.8129883,104.9012604,107.8849258,2414.8920898,2454.6071777,50.1775398,0.0
2024-02-06 16:30:00,14.2332067,113.7527161,2129.168457,105.1101761,107.1999969,2156.1203613,2189.2883301,49.8634033,0.03
2024-02-07 00:30:00,13.0235872,112.4146042,1998.9176025,104.6999969,106.7963715,2013.7375488,2043.8773193,50.0,0.0
2024-02-07 09:00:00,14.0880251,111.1036987,1977.302124,104.3000031,106.6097336,1911.6734619,1924.2937012,50.4000015,0.0
2024-02-07 16:30:00,13.9577751,113.1864548,1996.105957,104.5564651,107.3661728,2150.4558105,2205.8476563,50.2752876,0.3
2024-02-08 00:30:00,13.0171461,111.1912079,2065.1359863,104.6999969,107.0,2099.0,2108.347168,50.0,0.0
2024-02-08 09:00:00,14.2689905,109.4787216,2092.2060547,104.0,106.6351776,2016.7150879,2074.9187012,49.884243,0.03
2024-02-08 16:30:00,13.3100004,111.8454742,2091.354248,104.5805817,106.7644577,2035.947876,2079.0288086,49.6703911,0.01
2024-02-09 00:30:00,14.4615383,111.01017,2216.9145508,104.5999985,106.9321442,2005.5871582,2076.2041016,49.8888283,0.0
2024-02-09 09:00:00,13.9787788,109.4716721,2215.1784668,104.5999985,106.9393692,2015.6158447,2061.6479492,50.0,0.0
2024-02-09 16:30:00,13.8884678,112.0841446,2191.7866211,105.1288147,107.4682388,2243.671875,2252.8530273,50.0203857,0.0
2024-02-10 00:30:00,14.4573927,110.1709213,2219.5966797,104.6999969,107.0999985,2045.944458,2051.435791,50.0017395,0.0
2024-02-10 09:00:00,14.5415163,108.9122009,2171.7270508,104.7014313,106.9729538,1934.7478027,2003.673584,50.0373077,0.0
2024-02-10 16:30:00,14.1593723,111.9572525,2222.5944824,105.0,107.5,2235.1154785,2256.9143066,50.0999985,0.0
2024-02-11 00:30:00,14.1678305,110.8117371,2168.673584,104.9764175,107.6376038,2261.4597168,2317.6154785,49.9151688,0.12
2024-02-11 09:00:00,14.1784763,109.4057465,2195.4685059,104.5224609,107.2629013,2134.901123,2148.5717773,50.0,0.0
2024-02-11 16:30:00,14.0899992,111.4688492,2098.7302246,104.5,107.1608047,2032.3326416,2094.4599609,50.3851089,0.0
2024-02-12 00:30:00,14.5250111,109.549469,2114.6843262,104.3601685,106.9573212,2008.4505615,2028.3515625,50.3093834,0.0
2024-02-12 09:00:00,14.3835182,108.4114304,2302.4995117,104.6999969,107.4054337,2170.9492188,2206.1296387,50.1443825,0.0
2024-02-12 16:30:00,13.5010014,111.5701675,2312.4020996,105.4000015,107.8469009,2364.9665527,2407.0256348,50.0,0.0
2024-02-13 00:30:00,14.0425329,108.3402328,2233.6745605,103.6132355,106.902298,1918.2276611,1940.003418,48.4356728,0.07
2024-02-13 09:00:00,13.5569372,99.6258469,2227.2131348,103.5,105.8354797,1496.2355957,1542.5358887,49.9116478,0.05
2024-02-13 16:30:00,13.7692146,102.1769562,2216.1425781,103.5,105.9844666,1617.9436035,1648.1992188,49.6552887,0.0
2024-02-14 00:30:00,13.3440351,100.3310928,2199.4516602,103.7865143,106.1616898,1667.0469971,1725.4187012,50.0,0.0
2024-02-14 09:00:00,13.7965527,98.9157333,2215.8928223,103.3000031,105.8762054,1565.1303711,1613.0993652,50.0,0.0
2024-02-14 16:30:00,12.2382259,101.5925674,2173.4118652,103.8554611,106.2059708,1777.1861572,1839.8890381,49.498188,0.02
2024-02-15 00:30:00,12.7930765,99.435379,2191.6591797,103.9257584,106.327446,1797.0076904,1822.0548096,49.9275856,0.0
2024-02-15 09:00:00,13.5665207,97.1642075,2209.6875,103.3000031,105.8178482,1524.838501,1588.1199951,49.8820839,0.0
2024-02-15 16:30:00,12.4871445,95.6944046,2176.7143555,103.7450714,105.8961487,1689.421875,1714.5653076,49.7040787,0.01
2024-02-16 00:30:00,10.7494936,82.9161377,2388.7202148,103.4056549,106.0667953,1642.0440674,1688.7900391,49.9608154,0.0
2024-02-16 09:00:00,14.4186087,82.3196182,2723.0537109,102.8636093,105.1999969,1251.6235352,1286.5059814,49.8288918,0.0
2024-02-16 16:30:00,14.0747232,85.0009689,2738.1228027,102.9509735,105.3130112,1368.8226318,1413.6032715,49.5617256,0.0
2024-02-17 00:30:00,14.4834661,81.7824631,2748.0368652,102.8000031,105.0999985,1268.2354736,1282.4710693,49.7000008,0.0
2024-02-17 09:00:00,14.4018183,81.9231339,2792.2814941,102.8846741,105.2939606,1333.2147217,1396.0734863,50.2202911,0.0
2024-02-17 16:30:00,13.7897701,84.5203476,2800.0490723,103.3000031,105.6999969,1482.5687256,1539.8702393,49.5,0.0
2024-02-18 09:00:00,13.9420424,80.4339676,2714.5493164,102.6999969,104.8225174,1207.7181396,1277.0883789,50.1554909,0.0
2024-02-18 16:30:00,12.6591711,81.5,2716.5305176,102.7585297,105.0274429,1230.3848877,1290.8833008,48.6442413,0.0
2024-02-19 09:00:00,13.4727411,80.927063,2734.3046875,102.6999969,105.049324,1243.5279541,1306.0601807,50.1836891,0.0
2024-02-19 16:30:00,13.5747805,81.2830048,2739.3391113,102.5609131,105.0839081,1240.0775146,1294.5172119,49.4553642,0.0
2024-02-20 00:30:00,13.9684772,80.47995,2790.7902832,102.5999985,104.8500366,1181.1289063,1273.597168,49.9930038,0.0
2024-02-20 09:00:00,14.3284559,80.3896866,2798.6486816,102.4000015,104.6399765,1121.1225586,1144.9389648,49.870266,0.0
2024-02-20 16:30:00,14.0075483,81.0959778,2803.7893066,102.56427,104.7209473,1105.333252,1162.1672363,49.7127838,0.0
2024-02-21 00:30:00,13.5699997,80.2453461,2781.0458984,102.6999969,104.9620514,1209.8076172,1279.2858887,49.9459686,0.0
2024-02-21 09:00:00,12.5072823,80.7935638,2819.7272949,102.9687271,105.5,1360.2359619,1446.9196777,49.9252815,0.0
2024-02-21 16:30:00,10.7816887,82.036171,2620.8972168,103.0284576,105.6110077,1586.9173584,1646.3217773,49.7899399,0.0
2024-02-22 00:30:00,13.4753914,80.9757462,2719.7841797,103.3201141,105.4274979,1475.2458496,1543.3277588,49.7316628,0.0
2024-02-22 09:00:00,13.9734859,80.647789,2810.5092773,103.3449326,105.6999969,1454.1540527,1470.6496582,50.0,0.0
2024-02-22 16:30:00,12.5041571,80.8983154,2792.1726074,102.8561554,105.1712418,1302.9522705,1314.8726807,50.2888336,0.0
2024-02-23 00:30:00,14.0030632,80.1774597,2755.951416,102.5999985,104.9174194,1203.1486816,1251.045166,50.5,0.0
2024-02-23 09:00:00,13.8892927,79.0389938,2806.5600586,102.3396072,104.7987823,1154.7435303,1198.3431396,49.9138756,0.0
2024-02-23 16:30:00,13.103899,80.9713593,2954.2670898,103.0195313,105.4683075,1384.4429932,1472.2287598,50.2999992,0.0
2024-02-24 00:30:00,13.2248745,79.6662292,2922.6794434,103.2076874,105.6388931,1527.0101318,1579.0699463,50.2000008,0.0
2024-02-24 09:00:00,14.0154114,79.1317215,2972.619873,102.8995209,105.3206253,1347.2349854,1411.6818848,50.099205,0.0
2024-02-24 16:30:00,13.6655846,80.7749252,3490.8027344,104.5168304,106.8163452,1971.3109131,2066.5158691,49.4041061,0.0
2024-02-25 00:30:00,13.4192381,80.8191833,3477.4863281,104.9000015,107.4068756,2220.1433105,2254.1433105,50.2327919,0.0
2024-02-25 09:00:00,14.137682,80.5,3530.7387695,104.3000031,106.6999969,1906.5269775,1932.9960938,49.369339,0.0
2024-02-25 16:30:00,14.0844593,80.3536987,3523.1943359,104.5,106.8587875,1994.0477295,2010.4460449,49.1654167,0.02
2024-02-26 00:30:00,13.392416,79.0064774,3463.4223633,104.6999969,107.1126556,2037.677124,2090.2819824,50.6315231,0.0
2024-02-26 09:00:00,13.7793036,77.9140549,3477.338623,104.3353043,106.6539764,1860.0849609,1900.609375,50.0,0.0
2024-02-26 16:30:00,13.7296038,78.6720047,3501.9892578,104.5,106.8823776,2038.3431396,2075.4047852,49.9918976,0.0
2024-02-27 00:30:00,14.0347929,77.8240356,3473.173584,104.1999969,106.6011887,1883.7167969,1903.2005615,49.8552742,0.0
2024-02-27 09:00:00,13.668047,76.9806213,3457.284668,104.3132935,106.5,1823.3612061,1886.836792,50.0,0.0
2024-02-27 16:30:00,13.6996126,78.7238007,3482.8029785,104.3000031,106.9059372,1997.7713623,2095.9575195,50.1027336,0.0
2024-02-28 00:30:00,13.6650343,79.0641479,3481.204834,104.5999985,107.0,2030.0061035,2095.6694336,50.0,0.0
2024-02-28 09:00:00,14.1906662,79.4076691,3515.5532227,104.4069138,106.5566177,1867.9390869,1934.4954834,49.2050133,0.0
2024-02-28 16:30:00,13.5150442,80.518364,3499.4047852,104.7332535,107.2751999,2080.1672363,2185.3876953,49.7805061,0.0
2024-02-29 00:30:00,13.831605,79.4953384,3510.3820801,104.8241196,107.3051224,2166.7749023,2211.8044434,50.4697113,0.01
2024-02-29 09:00:00,14.0696039,80.0151367,3522.2133789,104.5364227,107.0824127,2008.6229248,2085.4155273,49.8678627,0.0
2024-02-29 16:30:00,12.4609232,81.9514542,3505.2026367,105.1999969,107.5,2246.611084,2312.6083984,50.3698921,0.3
2024-03-01 00:30:00,12.9597769,80.7857513,3519.2404785,105.4279175,107.9266205,2562.1091309,2628.5686035,50.0,0.0
2024-03-01 09:00:00,14.4499998,78.7700653,3505.9289551,104.2965851,107.0921097,2149.854248,2214.315918,49.8752632,0.0
2024-03-01 16:30:00,,,,,,,,,0.0
2024-03-02 00:30:00,,,,,,,,,0.34
2024-03-02 09:00:00,,,,,,,,,0.4
2024-03-02 16:30:00,,,,,,,,,0.0
2024-03-03 00:30:00,,,,,,,,,0.0
2024-03-03 09:00:00,,,,,,,,,0.0
2024-03-03 16:30:00,,,,,,,,,0.02
2024-03-04 00:30:00,,,,,,,,,0.0
2024-03-04 09:00:00,,,,,,,,,0.0
2024-03-04 16:30:00,,,,,,,,,0.01
2024-03-05 00:30:00,,,,,,,,,0.0
2024-03-05 09:00:00,,,,,,,,,0.0
2024-03-05 16:30:00,,,,,,,,,0.01
2024-03-06 00:30:00,,,,,,,,,0.0
2024-03-06 09:00:00,,,,,,,,,0.0
2024-03-06 16:30:00,,,,,,,,,0.0
2024-03-07 00:30:00,,,,,,,,,0.0
2024-03-07 09:00:00,,,,,,,,,0.0
2024-03-07 16:30:00,,,,,,,,,0.0
2024-03-08 00:30:00,,,,,,,,,0.0
2024-03-08 09:00:00,,,,,,,,,0.0
2024-03-08 16:30:00,,,,,,,,,0.0
2024-03-09 00:30:00,,,,,,,,,0.01
2024-03-09 09:00:00,,,,,,,,,0.0
2024-03-09 16:30:00,,,,,,,,,0.0
2024-03-10 00:30:00,,,,,,,,,0.0
2024-03-10 09:00:00,,,,,,,,,0.0
2024-03-10 16:30:00,,,,,,,,,0.0
2024-03-11 00:30:00,,,,,,,,,0.0
2024-03-11 09:00:00,,,,,,,,,0.0
2024-03-11 16:30:00,,,,,,,,,0.0
2024-03-12 00:30:00,,,,,,,,,0.0
2024-03-12 09:00:00,,,,,,,,,0.0
2024-03-12 16:30:00,,,,,,,,,0.01
2024-03-13 00:30:00,,,,,,,,,0.0
2024-03-13 09:00:00,,,,,,,,,0.0
2024-03-13 16:30:00,,,,,,,,,0.0
2024-03-14 09:00:00,,,,,,,,,0.0
2024-03-14 16:30:00,,,,,,,,,0.04
2024-03-15 00:30:00,,,,,,,,,0.0
2024-03-15 09:00:00,,,,,,,,,0.0
2024-03-15 16:30:00,,,,,,,,,0.0
2024-03-16 00:30:00,,,,,,,,,0.0
2024-03-16 09:00:00,,,,,,,,,0.0
2024-03-16 16:30:00,,,,,,,,,0.0
2024-03-17 00:30:00,,,,,,,,,0.0
2024-03-17 09:00:00,,,,,,,,,0.0
2024-03-17 16:30:00,,,,,,,,,0.0
2024-03-18 00:30:00,,,,,,,,,0.03
2024-03-18 09:00:00,,,,,,,,,0.03
2024-03-18 16:30:00,,,,,,,,,0.0
2024-03-19 00:30:00,,,,,,,,,0.03
2024-03-19 09:00:00,,,,,,,,,0.0
2024-03-19 16:30:00,,,,,,,,,0.0
2024-03-20 00:30:00,,,,,,,,,0.02
2024-03-20 09:00:00,,,,,,,,,0.0
2024-03-20 16:30:00,,,,,,,,,0.0
2024-03-21 00:30:00,,,,,,,,,0.0
2024-03-21 09:00:00,,,,,,,,,0.0
2024-03-21 16:30:00,,,,,,,,,0.39
2024-03-22 00:30:00,,,,,,,,,0.0
2024-03-22 09:00:00,,,,,,,,,0.0
2024-03-22 16:30:00,,,,,,,,,0.06
2024-03-23 00:30:00,,,,,,,,,0.0
2024-03-23 09:00:00,,,,,,,,,0.0
2024-03-23 16:30:00,,,,,,,,,0.02
2024-03-24 00:30:00,,,,,,,,,0.0
2024-03-24 09:00:00,,,,,,,,,0.0
2024-03-24 16:30:00,,,,,,,,,0.0
2024-03-25 00:30:00,,,,,,,,,0.0
2024-03-25 09:00:00,,,,,,,,,0.0
2024-03-25 16:30:00,,,,,,,,,0.0
2024-03-26 00:30:00,,,,,,,,,0.0
2024-03-26 09:00:00,,,,,,,,,0.0
2024-03-26 16:30:00,,,,,,,,,0.0
2024-03-27 00:30:00,,,,,,,,,0.01
2024-03-27 09:00:00,,,,,,,,,0.0
2024-03-27 16:30:00,,,,,,,,,0.0
2024-03-28 00:30:00,,,,,,,,,0.0
2024-03-28 09:00:00,,,,,,,,,0.0
2024-03-28 16:30:00,,,,,,,,,0.0
2024-03-29 00:30:00,,,,,,,,,0.0
2024-03-29 09:00:00,,,,,,,,,0.0
2024-03-29 16:30:00,,,,,,,,,0.0
2024-03-30 00:30:00,,,,,,,,,0.0
2024-03-30 09:00:00,,,,,,,,,0.0
2024-03-30 16:30:00,,,,,,,,,0.0
2024-03-31 00:30:00,,,,,,,,,0.0
2024-03-31 09:00:00,,,,,,,,,0.0
2024-03-31 16:30:00,,,,,,,,,0.0
2024-04-01 00:30:00,,,,,,,,,0.0
2024-04-01 09:00:00,,,,,,,,,0.0
2024-04-01 17:30:45,,,,,,,,,0.0
2024-04-02 00:30:00,,,,,,,,,0.0
2024-04-02 09:00:00,,,,,,,,,0.0
2024-04-02 16:30:00,,,,,,,,,0.0
2024-04-03 00:30:00,,,,,,,,,0.0
2024-04-03 09:00:00,,,,,,,,,0.0
2024-04-03 16:30:00,,,,,,,,,0.0
2024-04-04 00:30:00,,,,,,,,,0.0
2024-04-04 09:00:00,,,,,,,,,0.0
2024-04-04 16:30:00,,,,,,,,,0.0
2024-04-05 00:30:00,,,,,,,,,0.0
2024-04-05 09:00:00,,,,,,,,,0.0
2024-04-05 16:30:00,,,,,,,,,0.0
2024-04-06 00:30:00,,,,,,,,,0.0
2024-04-06 09:00:00,,,,,,,,,0.0
2024-04-06 16:30:00,,,,,,,,,0.0
2024-04-07 00:30:00,,,,,,,,,0.0
2024-04-07 09:00:00,,,,,,,,,0.0
2024-04-07 16:30:00,,,,,,,,,0.0
2024-04-08 00:30:00,,,,,,,,,0.0
2024-04-08 09:00:00,,,,,,,,,0.0
2024-04-08 16:30:00,,,,,,,,,0.02
2024-04-09 00:30:00,,,,,,,,,0.0
2024-04-09 09:00:00,,,,,,,,,0.0
2024-04-09 16:30:00,,,,,,,,,0.0
2024-04-10 00:30:00,,,,,,,,,0.0
2024-04-10 09:00:00,,,,,,,,,0.0
2024-04-10 16:30:00,,,,,,,,,0.0
2024-04-11 00:30:00,,,,,,,,,0.0
2024-04-11 09:00:00,,,,,,,,,0.0
2024-04-11 16:30:00,,,,,,,,,0.0
2024-04-12 00:30:00,,,,,,,,,0.0
2024-04-12 09:00:00,,,,,,,,,0.0
2024-04-12 16:30:00,,,,,,,,,0.0
2024-04-13 00:30:00,,,,,,,,,0.0
2024-04-13 09:00:00,,,,,,,,,0.0
2024-04-13 16:30:00,,,,,,,,,0.0
2024-04-14 00:30:00,,,,,,,,,0.0
2024-04-14 09:00:00,,,,,,,,,0.0
2024-04-14 16:30:00,,,,,,,,,0.0
2024-04-15 00:30:00,,,,,,,,,0.0
2024-04-15 09:00:00,,,,,,,,,0.0
2024-04-15 16:30:00,,,,,,,,,0.0
2024-04-16 00:30:00,,,,,,,,,0.0
2024-04-16 09:00:00,,,,,,,,,0.0
2024-04-16 16:30:00,,,,,,,,,0.0
2024-04-17 00:30:00,,,,,,,,,0.0
2024-04-17 09:00:00,,,,,,,,,0.0
2024-04-17 16:30:00,,,,,,,,,0.0
2024-04-18 00:30:00,,,,,,,,,0.0
2024-04-18 09:00:00,,,,,,,,,0.0
2024-04-18 16:30:00,,,,,,,,,0.0
2024-04-19 00:30:00,,,,,,,,,0.0
2024-04-19 09:00:00,,,,,,,,,0.0
2024-04-19 16:30:00,,,,,,,,,0.0
2024-04-20 00:30:00,,,,,,,,,0.0
2024-04-20 09:00:00,,,,,,,,,0.0
2024-04-20 16:30:00,,,,,,,,,0.0
2024-04-21 00:30:00,,,,,,,,,0.0
2024-04-21 09:00:00,,,,,,,,,0.0
2024-04-21 16:30:00,,,,,,,,,0.0
2024-04-22 00:30:00,,,,,,,,,0.0
2024-04-22 09:00:00,,,,,,,,,0.0
2024-04-22 16:30:00,,,,,,,,,0.0
2024-04-23 00:30:00,,,,,,,,,0.0
2024-04-23 09:00:00,,,,,,,,,0.0
2024-04-23 16:30:00,,,,,,,,,0.0
2024-04-24 00:30:00,,,,,,,,,0.0
2024-04-24 09:00:00,,,,,,,,,0.0
2024-04-24 16:30:00,,,,,,,,,0.0
2024-04-25 00:30:00,,,,,,,,,0.0
2024-04-25 09:00:00,,,,,,,,,0.0
2024-04-25 16:30:00,,,,,,,,,0.0
2024-04-26 00:30:00,,,,,,,,,0.0
2024-04-26 09:00:00,,,,,,,,,0.0
2024-04-26 16:30:00,,,,,,,,,0.0
2024-04-27 00:30:00,,,,,,,,,0.0
2024-04-27 09:00:00,,,,,,,,,0.0
2024-04-27 16:30:00,,,,,,,,,0.0
2024-04-28 00:30:00,,,,,,,,,0.0
2024-04-28 09:00:00,,,,,,,,,0.0
2024-04-28 16:30:00,,,,,,,,,0.0
2024-04-29 00:30:00,,,,,,,,,0.0
2024-04-29 09:00:00,,,,,,,,,0.0
2024-04-29 16:30:00,,,,,,,,,0.0
2024-04-30 00:30:00,,,,,,,,,0.0
2024-04-30 09:00:00,,,,,,,,,0.0
2024-04-30 16:30:00,,,,,,,,,0.0
2024-05-01 00:30:00,,,,,,,,,0.0
2024-05-01 09:00:00,,,,,,,,,0.0
2024-05-01 16:30:00,,,,,,,,,0.0
2024-05-02 00:30:00,,,,,,,,,0.0
2024-05-02 09:00:00,,,,,,,,,0.0
2024-05-02 16:30:00,,,,,,,,,0.0
2024-05-03 00:30:00,,,,,,,,,0.0
2024-05-03 09:00:00,,,,,,,,,0.0
2024-05-03 16:30:00,,,,,,,,,0.0
2024-05-04 00:30:00,,,,,,,,,0.0
2024-05-04 09:00:00,,,,,,,,,0.0
2024-05-04 16:30:00,,,,,,,,,0.0
2024-05-05 00:30:00,,,,,,,,,0.0
2024-05-05 09:00:00,,,,,,,,,0.0
2024-05-05 16:30:00,,,,,,,,,0.0
2024-05-06 00:30:00,,,,,,,,,0.0
2024-05-06 09:00:00,,,,,,,,,0.0
2024-05-06 16:30:00,,,,,,,,,0.0
2024-05-07 00:30:00,,,,,,,,,0.0
2024-05-07 09:00:00,,,,,,,,,0.0
2024-05-07 16:30:00,,,,,,,,,0.0
2024-05-08 00:30:00,,,,,,,,,0.0
2024-05-08 09:00:00,,,,,,,,,0.0
2024-05-08 16:30:00,,,,,,,,,0.0
2024-05-09 00:30:00,,,,,,,,,0.0
2024-05-09 09:00:00,,,,,,,,,0.0
2024-05-09 16:30:00,,,,,,,,,0.0
2024-05-10 00:30:00,,,,,,,,,0.0
2024-05-10 09:00:00,,,,,,,,,0.0
2024-05-10 16:30:00,,,,,,,,,0.0
2024-05-11 00:30:00,,,,,,,,,0.0
2024-05-11 08:30:00,,,,,,,,,0.0
2024-05-11 16:30:00,,,,,,,,,0.0
2024-05-12 00:30:00,,,,,,,,,0.0
2024-05-12 09:00:00,,,,,,,,,0.0
2024-05-12 16:30:00,,,,,,,,,0.0
2024-05-13 00:30:00,,,,,,,,,0.0
2024-05-13 09:00:00,,,,,,,,,0.0
2024-05-13 16:30:00,,,,,,,,,0.0
2024-05-14 00:30:00,,,,,,,,,0.0
2024-05-14 09:00:00,,,,,,,,,0.0
2024-05-14 16:30:00,,,,,,,,,0.0
2024-05-15 00:30:00,,,,,,,,,0.0
2024-05-15 09:00:00,,,,,,,,,0.0
2024-05-15 16:30:00,,,,,,,,,0.0
2024-05-16 00:30:00,,,,,,,,,0.0
2024-05-16 09:00:00,,,,,,,,,0.0
2024-05-16 16:30:00,,,,,,,,,0.0
2024-05-17 00:30:00,,,,,,,,,0.0
2024-05-17 09:00:00,,,,,,,,,0.0
2024-05-17 16:30:00,,,,,,,,,0.0
2024-05-18 00:30:00,,,,,,,,,0.0
2024-05-18 09:00:00,,,,,,,,,0.0
2024-05-18 16:30:00,,,,,,,,,0.0
2024-05-19 00:30:00,,,,,,,,,0.0
2024-05-19 09:00:00,,,,,,,,,0.0
2024-05-19 16:30:00,,,,,,,,,0.0
2024-05-20 09:00:00,,,,,,,,,0.0
2024-05-20 16:30:00,,,,,,,,,0.0
2024-05-21 09:00:00,,,,,,,,,0.0
2024-05-21 16:30:00,,,,,,,,,0.0
2024-05-22 09:00:00,,,,,,,,,0.0
2024-05-22 16:30:00,,,,,,,,,0.0
2024-05-23 00:30:00,,,,,,,,,0.0
2024-05-23 09:00:00,,,,,,,,,0.0
2024-05-23 16:30:00,,,,,,,,,0.0
2024-05-24 00:30:00,,,,,,,,,0.0
2024-05-24 09:00:00,,,,,,,,,0.0
2024-05-24 16:30:00,,,,,,,,,0.0
2024-05-25 00:30:00,,,,,,,,,0.0
2024-05-25 09:00:00,,,,,,,,,0.0
2024-05-25 16:30:00,,,,,,,,,0.0
2024-05-26 00:30:00,,,,,,,,,0.0
2024-05-26 09:00:00,,,,,,,,,0.0
2024-05-26 16:30:00,,,,,,,,,0.0
2024-05-27 00:30:00,,,,,,,,,0.0
2024-05-27 09:00:00,,,,,,,,,0.0
2024-05-27 16:30:00,,,,,,,,,0.2
2024-05-28 00:30:00,,,,,,,,,0.1
2024-05-28 09:00:00,,,,,,,,,0.1
2024-05-29 00:45:00,,,,,,,,,0.1
2024-05-29 05:25:00,,,,,,,,,0.0
2024-05-29 16:00:00,,,,,,,,,0.05
2024-05-30 00:05:00,,,,,,,,,0.05
2024-05-30 05:30:00,,,,,,,,,0.05
2024-05-30 16:10:00,,,,,,,,,0.0
2024-05-31 00:20:00,,,,,,,,,0.05
2024-05-31 05:30:00,,,,,,,,,0.07
2024-05-31 16:20:00,,,,,,,,,0.01
2024-06-01 00:15:00,,,,,,,,,0.0
2024-06-01 07:00:00,,,,,,,,,0.0
2024-06-01 16:38:00,,,,,,,,,0.01
2024-06-02 00:10:00,,,,,,,,,0.01
2024-06-02 05:40:00,,,,,,,,,0.01
2024-06-02 16:28:00,,,,,,,,,0.01
2024-06-03 00:10:00,,,,,,,,,0.0
2024-06-03 06:30:00,,,,,,,,,0.01
2024-06-03 16:45:00,,,,,,,,,0.9
2024-06-04 00:10:00,,,,,,,,,0.0
2024-06-04 06:50:00,,,,,,,,,0.9
2024-06-04 16:30:00,,,,,,,,,0.0
2024-06-05 00:10:00,,,,,,,,,0.2
2024-06-05 06:20:00,,,,,,,,,0.2
2024-06-05 16:10:00,,,,,,,,,0.0
2024-06-06 00:35:00,,,,,,,,,0.2
2024-06-06 06:20:00,,,,,,,,,0.2
2024-06-06 16:30:00,,,,,,,,,0.2
2024-06-07 00:39:00,,,,,,,,,0.2
2024-06-07 06:18:00,,,,,,,,,0.2
2024-06-07 16:15:00,,,,,,,,,0.2
2024-06-08 00:12:00,,,,,,,,,0.2
2024-06-08 05:58:00,,,,,,,,,0.3
2024-06-08 16:20:00,,,,,,,,,0.2
2024-06-09 00:15:00,,,,,,,,,0.1
2024-06-09 07:15:00,,,,,,,,,0.05
2024-06-09 16:10:00,,,,,,,,,0.05
2024-06-10 00:10:00,,,,,,,,,0.02
2024-06-10 06:30:00,,,,,,,,,0.01
2024-06-10 16:14:00,,,,,,,,,0.01
2024-06-11 00:10:00,,,,,,,,,0.01
2024-06-11 06:20:00,,,,,,,,,0.01
2024-06-11 16:25:00,,,,,,,,,0.01
2024-06-12 00:15:00,,,,,,,,,0.01
2024-06-12 05:30:00,,,,,,,,,0.01
2024-06-12 16:09:00,,,,,,,,,0.01
2024-06-13 00:10:00,,,,,,,,,0.01
2024-06-13 05:50:00,,,,,,,,,0.0
2024-06-13 16:30:00,,,,,,,,,0.0
2024-06-14 00:30:00,,,,,,,,,0.0
2024-06-14 05:40:00,,,,,,,,,0.0
2024-06-14 16:05:00,,,,,,,,,0.01
2024-06-15 00:10:00,,,,,,,,,0.01
2024-06-15 05:20:00,,,,,,,,,0.0
2024-06-15 16:30:00,,,,,,,,,0.01
2024-06-16 00:19:00,,,,,,,,,0.01
2024-06-16 06:26:00,,,,,,,,,0.01
2024-06-16 16:15:00,,,,,,,,,0.01
2024-06-17 00:29:00,,,,,,,,,0.01
2024-06-17 06:28:00,,,,,,,,,0.01
2024-06-17 16:15:00,,,,,,,,,0.01
2024-06-18 00:26:00,,,,,,,,,0.01
2024-06-18 06:55:00,,,,,,,,,0.01
2024-06-18 16:15:00,,,,,,,,,0.01
2024-06-19 00:10:00,,,,,,,,,0.01
2024-06-19 06:25:00,,,,,,,,,0.01
2024-06-19 16:15:00,,,,,,,,,0.01
2024-06-20 06:20:00,,,,,,,,,0.9
